ÌõÄ¿,¶©µ¥ID,Ó¦ÓÃÃû³Æ,Ó¦ÓÃKey,²úÆ·Ãû³Æ,²úÆ·ID,ÓÃ»§id,·şÎñÆ÷ID,ÓÎÏ·ID,Ö§¸¶½ğ¶î(Ôª),´´½¨Ê±¼ä,Ö§¸¶Ê±¼ä,Í¨ÖªÊ±¼ä,»Øµ÷µØÖ·,Ö§¸¶ÇşµÀ,Ó¦ÓÃ¶©µ¥ºÅ,Ó¦ÓÃÀ©Õ¹×Ö¶Î
2,1.40315E+18,ä¸‰å›½åˆä¼™äºº,8099d95af4d25e7dad6c938b6b232b23,50å…ƒå®,1.10032E+20,281801482,h17,17026760,0.05,2014-3-15 6:08,2014-3-15 6:09,,http://wapi.ldsg.lodogame.com:8088/webApi/payment.do,æ‰‹æœºæ”¯ä»˜å®,1.10E+20,50å…ƒå®
3,1.40315E+18,ä¸‰å›½åˆä¼™äºº,8099d95af4d25e7dad6c938b6b232b23,50å…ƒå®,1.10032E+20,290751511,h25,25001963,0.05,2014-3-15 6:12,2014-3-15 6:12,,http://wapi.ldsg.lodogame.com:8088/webApi/payment.do,æ‰‹æœºæ”¯ä»˜å®,1.10E+20,50å…ƒå®
4,1.40315E+18,ä¸‰å›½åˆä¼™äºº,8099d95af4d25e7dad6c938b6b232b23,300å…ƒå®,1.10032E+20,635098803,h13,13029945,0.3,2014-3-15 6:13,2014-3-15 6:15,,http://wapi.ldsg.lodogame.com:8088/webApi/payment.do,å‚¨è“„å¡æ”¯ä»˜,1.10E+20,300å…ƒå®
5,1.40315E+18,ä¸‰å›½åˆä¼™äºº,8099d95af4d25e7dad6c938b6b232b23,1000å…ƒå®,1.10032E+20,280301162,h23,23014222,1,2014-3-15 6:14,2014-3-15 6:14,,http://wapi.ldsg.lodogame.com:8088/webApi/payment.do,æ‰‹æœºæ”¯ä»˜å®,1.10E+20,1000å…ƒå®
6,1.40315E+18,ä¸‰å›½åˆä¼™äºº,8099d95af4d25e7dad6c938b6b232b23,200å…ƒå®,1.10032E+20,614111750,h11,11061357,0.2,2014-3-15 6:15,2014-3-15 6:15,,http://wapi.ldsg.lodogame.com:8088/webApi/payment.do,æ‰‹æœºæ”¯ä»˜å®,1.10E+20,200å…ƒå®
7,1.40315E+18,ä¸‰å›½åˆä¼™äºº,8099d95af4d25e7dad6c938b6b232b23,500å…ƒå®,1.10032E+20,289475947,h18,18018911,0.5,2014-3-15 6:16,2014-3-15 6:17,,http://wapi.ldsg.lodogame.com:8088/webApi/payment.do,å‚¨è“„å¡æ”¯ä»˜,1.10E+20,500å…ƒå®
8,1.40315E+18,ä¸‰å›½åˆä¼™äºº,8099d95af4d25e7dad6c938b6b232b23,500å…ƒå®,1.10032E+20,290751511,h25,25001963,0.5,2014-3-15 6:18,2014-3-15 6:18,,http://wapi.ldsg.lodogame.com:8088/webApi/payment.do,æ‰‹æœºæ”¯ä»˜å®,1.10E+20,500å…ƒå®
9,1.40315E+18,ä¸‰å›½åˆä¼™äºº,8099d95af4d25e7dad6c938b6b232b23,300å…ƒå®,1.10032E+20,635098803,h13,13029945,0.3,2014-3-15 6:18,2014-3-15 6:19,,http://wapi.ldsg.lodogame.com:8088/webApi/payment.do,å‚¨è“„å¡æ”¯ä»˜,1.10E+20,300å…ƒå®
10,1.40315E+18,ä¸‰å›½åˆä¼™äºº,8099d95af4d25e7dad6c938b6b232b23,50å…ƒå®,1.10032E+20,329728943,h16,16026623,0.05,2014-3-15 6:18,2014-3-15 6:19,,http://wapi.ldsg.lodogame.com:8088/webApi/payment.do,æ‰‹æœºæ”¯ä»˜å®,1.10E+20,50å…ƒå®
11,1.40315E+18,ä¸‰å›½åˆä¼™äºº,8099d95af4d25e7dad6c938b6b232b23,50å…ƒå®,1.10032E+20,102445560,h18,18022804,0.05,2014-3-15 6:20,2014-3-15 6:20,,http://wapi.ldsg.lodogame.com:8088/webApi/payment.do,å‚¨è“„å¡æ”¯ä»˜,1.10E+20,50å…ƒå®
12,1.40315E+18,ä¸‰å›½åˆä¼™äºº,8099d95af4d25e7dad6c938b6b232b23,50å…ƒå®,1.10032E+20,284052432,h12,12021566,0.05,2014-3-15 6:20,2014-3-15 6:21,,http://wapi.ldsg.lodogame.com:8088/webApi/payment.do,æ‰‹æœºæ”¯ä»˜å®,1.10E+20,50å…ƒå®
13,1.40315E+18,ä¸‰å›½åˆä¼™äºº,8099d95af4d25e7dad6c938b6b232b23,500å…ƒå®,1.10032E+20,95039157,h2,2029918,0.5,2014-3-15 6:21,2014-3-15 6:21,,http://wapi.ldsg.lodogame.com:8088/webApi/payment.do,ä¿¡ç”¨å¡,1.10E+20,500å…ƒå®
14,1.40315E+18,ä¸‰å›½åˆä¼™äºº,8099d95af4d25e7dad6c938b6b232b23,50å…ƒå®,1.10032E+20,284052432,h12,12021566,0.05,2014-3-15 6:22,2014-3-15 6:22,,http://wapi.ldsg.lodogame.com:8088/webApi/payment.do,æ‰‹æœºæ”¯ä»˜å®,1.10E+20,50å…ƒå®
15,1.40315E+18,ä¸‰å›½åˆä¼™äºº,8099d95af4d25e7dad6c938b6b232b23,100å…ƒå®,1.10032E+20,19800091,h6,6013616,0.1,2014-3-15 6:24,2014-3-15 6:24,,http://wapi.ldsg.lodogame.com:8088/webApi/payment.do,æ‰‹æœºæ”¯ä»˜å®,1.10E+20,100å…ƒå®
16,1.40315E+18,ä¸‰å›½åˆä¼™äºº,8099d95af4d25e7dad6c938b6b232b23,100å…ƒå®,1.10032E+20,19800091,h6,6013616,0.1,2014-3-15 6:25,2014-3-15 6:25,,http://wapi.ldsg.lodogame.com:8088/webApi/payment.do,æ‰‹æœºæ”¯ä»˜å®,1.10E+20,100å…ƒå®
17,1.40315E+18,ä¸‰å›½åˆä¼™äºº,8099d95af4d25e7dad6c938b6b232b23,500å…ƒå®,1.10032E+20,95039157,h2,2029918,0.5,2014-3-15 6:27,2014-3-15 6:28,,http://wapi.ldsg.lodogame.com:8088/webApi/payment.do,æ‰‹æœºæ”¯ä»˜å®,1.10E+20,500å…ƒå®
18,1.40315E+18,ä¸‰å›½åˆä¼™äºº,8099d95af4d25e7dad6c938b6b232b23,20000å…ƒå®,1.10032E+20,289475947,h18,18018911,20,2014-3-15 6:29,2014-3-15 6:30,,http://wapi.ldsg.lodogame.com:8088/webApi/payment.do,å‚¨è“„å¡æ”¯ä»˜,1.10E+20,20000å…ƒå®
19,1.40315E+18,ä¸‰å›½åˆä¼™äºº,8099d95af4d25e7dad6c938b6b232b23,50å…ƒå®,1.10032E+20,404349398,h13,13016412,0.05,2014-3-15 6:30,2014-3-15 6:30,,http://wapi.ldsg.lodogame.com:8088/webApi/payment.do,ä¿¡ç”¨å¡,1.10E+20,50å…ƒå®
20,1.40315E+18,ä¸‰å›½åˆä¼™äºº,8099d95af4d25e7dad6c938b6b232b23,50å…ƒå®,1.10032E+20,429657200,h18,18026076,0.05,2014-3-15 6:31,2014-3-15 6:32,,http://wapi.ldsg.lodogame.com:8088/webApi/payment.do,æ‰‹æœºæ”¯ä»˜å®,1.10E+20,50å…ƒå®
21,1.40315E+18,ä¸‰å›½åˆä¼™äºº,8099d95af4d25e7dad6c938b6b232b23,50å…ƒå®,1.10032E+20,597846520,h17,17014355,0.05,2014-3-15 6:31,2014-3-15 6:32,,http://wapi.ldsg.lodogame.com:8088/webApi/payment.do,å‚¨è“„å¡æ”¯ä»˜,1.10E+20,50å…ƒå®
22,1.40315E+18,ä¸‰å›½åˆä¼™äºº,8099d95af4d25e7dad6c938b6b232b23,50å…ƒå®,1.10032E+20,600228640,h9,9022614,0.05,2014-3-15 6:31,2014-3-15 6:32,,http://wapi.ldsg.lodogame.com:8088/webApi/payment.do,æ‰‹æœºæ”¯ä»˜å®,1.10E+20,50å…ƒå®
23,1.40315E+18,ä¸‰å›½åˆä¼™äºº,8099d95af4d25e7dad6c938b6b232b23,20000å…ƒå®,1.10032E+20,429657200,h18,18026076,20,2014-3-15 6:32,2014-3-15 6:32,,http://wapi.ldsg.lodogame.com:8088/webApi/payment.do,æ‰‹æœºæ”¯ä»˜å®,1.10E+20,20000å…ƒå®
24,1.40315E+18,ä¸‰å›½åˆä¼™äºº,8099d95af4d25e7dad6c938b6b232b23,50å…ƒå®,1.10032E+20,616998104,h23,23020026,0.05,2014-3-15 6:32,2014-3-15 6:33,,http://wapi.ldsg.lodogame.com:8088/webApi/payment.do,æ‰‹æœºæ”¯ä»˜å®,1.10E+20,50å…ƒå®
25,1.40315E+18,ä¸‰å›½åˆä¼™äºº,8099d95af4d25e7dad6c938b6b232b23,20000å…ƒå®,1.10032E+20,429657200,h18,18026076,20,2014-3-15 6:33,2014-3-15 6:33,,http://wapi.ldsg.lodogame.com:8088/webApi/payment.do,æ‰‹æœºæ”¯ä»˜å®,1.10E+20,20000å…ƒå®
26,1.40315E+18,ä¸‰å›½åˆä¼™äºº,8099d95af4d25e7dad6c938b6b232b23,50å…ƒå®,1.10032E+20,337109959,h24,24017123,0.05,2014-3-15 6:33,2014-3-15 6:33,,http://wapi.ldsg.lodogame.com:8088/webApi/payment.do,æ‰‹æœºæ”¯ä»˜å®,1.10E+20,50å…ƒå®
27,1.40315E+18,ä¸‰å›½åˆä¼™äºº,8099d95af4d25e7dad6c938b6b232b23,50å…ƒå®,1.10032E+20,429657200,h18,18026076,0.05,2014-3-15 6:35,2014-3-15 6:35,,http://wapi.ldsg.lodogame.com:8088/webApi/payment.do,æ‰‹æœºæ”¯ä»˜å®,1.10E+20,50å…ƒå®
28,1.40315E+18,ä¸‰å›½åˆä¼™äºº,8099d95af4d25e7dad6c938b6b232b23,5000å…ƒå®,1.10032E+20,599736226,h9,9027291,5,2014-3-15 6:35,2014-3-15 6:35,,http://wapi.ldsg.lodogame.com:8088/webApi/payment.do,360å¸,1.10E+20,5000å…ƒå®
29,1.40315E+18,ä¸‰å›½åˆä¼™äºº,8099d95af4d25e7dad6c938b6b232b23,50å…ƒå®,1.10032E+20,616998104,h23,23020026,0.05,2014-3-15 6:37,2014-3-15 6:37,,http://wapi.ldsg.lodogame.com:8088/webApi/payment.do,æ‰‹æœºæ”¯ä»˜å®,1.10E+20,50å…ƒå®
30,1.40315E+18,ä¸‰å›½åˆä¼™äºº,8099d95af4d25e7dad6c938b6b232b23,2000å…ƒå®,1.10032E+20,456879619,h7,7000183,2,2014-3-15 6:37,2014-3-15 6:37,,http://wapi.ldsg.lodogame.com:8088/webApi/payment.do,ä¿¡ç”¨å¡,1.10E+20,2000å…ƒå®
31,1.40315E+18,ä¸‰å›½åˆä¼™äºº,8099d95af4d25e7dad6c938b6b232b23,1000å…ƒå®,1.10032E+20,201389451,h10,10019776,1,2014-3-15 6:37,2014-3-15 6:37,,http://wapi.ldsg.lodogame.com:8088/webApi/payment.do,360å¸,1.10E+20,1000å…ƒå®
32,1.40315E+18,ä¸‰å›½åˆä¼™äºº,8099d95af4d25e7dad6c938b6b232b23,5000å…ƒå®,1.10032E+20,290751511,h25,25001963,5,2014-3-15 6:37,2014-3-15 6:37,,http://wapi.ldsg.lodogame.com:8088/webApi/payment.do,æ‰‹æœºæ”¯ä»˜å®,1.10E+20,5000å…ƒå®
33,1.40315E+18,ä¸‰å›½åˆä¼™äºº,8099d95af4d25e7dad6c938b6b232b23,5000å…ƒå®,1.10032E+20,599736226,h9,9027291,5,2014-3-15 6:37,2014-3-15 6:38,,http://wapi.ldsg.lodogame.com:8088/webApi/payment.do,360å¸,1.10E+20,5000å…ƒå®
34,1.40315E+18,ä¸‰å›½åˆä¼™äºº,8099d95af4d25e7dad6c938b6b232b23,100å…ƒå®,1.10032E+20,404349398,h13,13016412,0.1,2014-3-15 6:37,2014-3-15 6:37,,http://wapi.ldsg.lodogame.com:8088/webApi/payment.do,ä¿¡ç”¨å¡,1.10E+20,100å…ƒå®
35,1.40315E+18,ä¸‰å›½åˆä¼™äºº,8099d95af4d25e7dad6c938b6b232b23,20000å…ƒå®,1.10032E+20,201389451,h10,10019776,20,2014-3-15 6:39,2014-3-15 6:39,,http://wapi.ldsg.lodogame.com:8088/webApi/payment.do,360å¸,1.10E+20,20000å…ƒå®
36,1.40315E+18,ä¸‰å›½åˆä¼™äºº,8099d95af4d25e7dad6c938b6b232b23,50å…ƒå®,1.10032E+20,616998104,h23,23020026,0.05,2014-3-15 6:39,2014-3-15 6:40,,http://wapi.ldsg.lodogame.com:8088/webApi/payment.do,æ‰‹æœºæ”¯ä»˜å®,1.10E+20,50å…ƒå®
37,1.40315E+18,ä¸‰å›½åˆä¼™äºº,8099d95af4d25e7dad6c938b6b232b23,300å…ƒå®,1.10032E+20,635098803,h13,13029945,0.3,2014-3-15 6:41,2014-3-15 6:42,,http://wapi.ldsg.lodogame.com:8088/webApi/payment.do,å‚¨è“„å¡æ”¯ä»˜,1.10E+20,300å…ƒå®
38,1.40315E+18,ä¸‰å›½åˆä¼™äºº,8099d95af4d25e7dad6c938b6b232b23,50å…ƒå®,1.10032E+20,329728943,h16,16026623,0.05,2014-3-15 6:41,2014-3-15 6:42,,http://wapi.ldsg.lodogame.com:8088/webApi/payment.do,æ‰‹æœºæ”¯ä»˜å®,1.10E+20,50å…ƒå®
39,1.40315E+18,ä¸‰å›½åˆä¼™äºº,8099d95af4d25e7dad6c938b6b232b23,500å…ƒå®,1.10032E+20,616998104,h23,23020026,0.5,2014-3-15 6:41,2014-3-15 6:42,,http://wapi.ldsg.lodogame.com:8088/webApi/payment.do,æ‰‹æœºæ”¯ä»˜å®,1.10E+20,500å…ƒå®
40,1.40315E+18,ä¸‰å›½åˆä¼™äºº,8099d95af4d25e7dad6c938b6b232b23,300å…ƒå®,1.10032E+20,747619791,h1,1088959,0.3,2014-3-15 6:41,2014-3-15 6:42,,http://wapi.ldsg.lodogame.com:8088/webApi/payment.do,æ‰‹æœºæ”¯ä»˜å®,1.10E+20,300å…ƒå®
41,1.40315E+18,ä¸‰å›½åˆä¼™äºº,8099d95af4d25e7dad6c938b6b232b23,500å…ƒå®,1.10032E+20,82706380,h19,19017865,0.5,2014-3-15 6:42,2014-3-15 6:42,,http://wapi.ldsg.lodogame.com:8088/webApi/payment.do,æ‰‹æœºæ”¯ä»˜å®,1.10E+20,500å…ƒå®
42,1.40315E+18,ä¸‰å›½åˆä¼™äºº,8099d95af4d25e7dad6c938b6b232b23,20000å…ƒå®,1.10032E+20,404349398,h13,13016412,20,2014-3-15 6:44,2014-3-15 6:44,,http://wapi.ldsg.lodogame.com:8088/webApi/payment.do,ä¿¡ç”¨å¡,1.10E+20,20000å…ƒå®
43,1.40315E+18,ä¸‰å›½åˆä¼™äºº,8099d95af4d25e7dad6c938b6b232b23,20000å…ƒå®,1.10032E+20,250561938,h2,2103031,20,2014-3-15 6:46,2014-3-15 6:46,,http://wapi.ldsg.lodogame.com:8088/webApi/payment.do,æ‰‹æœºæ”¯ä»˜å®,1.10E+20,20000å…ƒå®
44,1.40315E+18,ä¸‰å›½åˆä¼™äºº,8099d95af4d25e7dad6c938b6b232b23,20000å…ƒå®,1.10032E+20,404349398,h13,13016412,20,2014-3-15 6:46,2014-3-15 6:46,,http://wapi.ldsg.lodogame.com:8088/webApi/payment.do,ä¿¡ç”¨å¡,1.10E+20,20000å…ƒå®
45,1.40315E+18,ä¸‰å›½åˆä¼™äºº,8099d95af4d25e7dad6c938b6b232b23,20000å…ƒå®,1.10032E+20,250561938,h2,2103031,20,2014-3-15 6:47,2014-3-15 6:47,,http://wapi.ldsg.lodogame.com:8088/webApi/payment.do,æ‰‹æœºæ”¯ä»˜å®,1.10E+20,20000å…ƒå®
46,1.40315E+18,ä¸‰å›½åˆä¼™äºº,8099d95af4d25e7dad6c938b6b232b23,5000å…ƒå®,1.10032E+20,337109959,h24,24017123,5,2014-3-15 6:48,2014-3-15 6:48,,http://wapi.ldsg.lodogame.com:8088/webApi/payment.do,æ‰‹æœºæ”¯ä»˜å®,1.10E+20,5000å…ƒå®
47,1.40315E+18,ä¸‰å›½åˆä¼™äºº,8099d95af4d25e7dad6c938b6b232b23,50å…ƒå®,1.10032E+20,747619791,h1,1088959,0.05,2014-3-15 6:49,2014-3-15 6:50,,http://wapi.ldsg.lodogame.com:8088/webApi/payment.do,æ‰‹æœºæ”¯ä»˜å®,1.10E+20,50å…ƒå®
48,1.40315E+18,ä¸‰å›½åˆä¼™äºº,8099d95af4d25e7dad6c938b6b232b23,5000å…ƒå®,1.10032E+20,337109959,h24,24017123,5,2014-3-15 6:49,2014-3-15 6:49,,http://wapi.ldsg.lodogame.com:8088/webApi/payment.do,æ‰‹æœºæ”¯ä»˜å®,1.10E+20,5000å…ƒå®
49,1.40315E+18,ä¸‰å›½åˆä¼™äºº,8099d95af4d25e7dad6c938b6b232b23,100å…ƒå®,1.10032E+20,780959554,h16,16050335,0.1,2014-3-15 6:49,2014-3-15 6:50,,http://wapi.ldsg.lodogame.com:8088/webApi/payment.do,å‚¨è“„å¡æ”¯ä»˜,1.10E+20,100å…ƒå®
50,1.40315E+18,ä¸‰å›½åˆä¼™äºº,8099d95af4d25e7dad6c938b6b232b23,200å…ƒå®,1.10032E+20,428035442,h20,20000214,0.2,2014-3-15 6:50,2014-3-15 6:51,,http://wapi.ldsg.lodogame.com:8088/webApi/payment.do,å‚¨è“„å¡æ”¯ä»˜,1.10E+20,200å…ƒå®
51,1.40315E+18,ä¸‰å›½åˆä¼™äºº,8099d95af4d25e7dad6c938b6b232b23,200å…ƒå®,1.10032E+20,780959554,h25,25016069,0.2,2014-3-15 6:52,2014-3-15 6:53,,http://wapi.ldsg.lodogame.com:8088/webApi/payment.do,å‚¨è“„å¡æ”¯ä»˜,1.10E+20,200å…ƒå®
52,1.40315E+18,ä¸‰å›½åˆä¼™äºº,8099d95af4d25e7dad6c938b6b232b23,50å…ƒå®,1.10032E+20,169996995,h17,17027504,0.05,2014-3-15 6:53,2014-3-15 6:53,,http://wapi.ldsg.lodogame.com:8088/webApi/payment.do,ä¿¡ç”¨å¡,1.10E+20,50å…ƒå®
53,1.40315E+18,ä¸‰å›½åˆä¼™äºº,8099d95af4d25e7dad6c938b6b232b23,50å…ƒå®,1.10032E+20,428035442,h20,20000214,0.05,2014-3-15 6:54,2014-3-15 6:55,,http://wapi.ldsg.lodogame.com:8088/webApi/payment.do,å‚¨è“„å¡æ”¯ä»˜,1.10E+20,50å…ƒå®
54,1.40315E+18,ä¸‰å›½åˆä¼™äºº,8099d95af4d25e7dad6c938b6b232b23,50å…ƒå®,1.10032E+20,286680998,h10,10017852,0.05,2014-3-15 6:57,2014-3-15 6:57,,http://wapi.ldsg.lodogame.com:8088/webApi/payment.do,æ‰‹æœºæ”¯ä»˜å®,1.10E+20,50å…ƒå®
55,1.40315E+18,ä¸‰å›½åˆä¼™äºº,8099d95af4d25e7dad6c938b6b232b23,500å…ƒå®,1.10032E+20,298913815,h19,19035542,0.5,2014-3-15 6:58,2014-3-15 6:59,,http://wapi.ldsg.lodogame.com:8088/webApi/payment.do,å‚¨è“„å¡æ”¯ä»˜,1.10E+20,500å…ƒå®
56,1.40315E+18,ä¸‰å›½åˆä¼™äºº,8099d95af4d25e7dad6c938b6b232b23,1000å…ƒå®,1.10032E+20,280301162,h23,23014222,1,2014-3-15 6:58,2014-3-15 6:59,,http://wapi.ldsg.lodogame.com:8088/webApi/payment.do,æ‰‹æœºæ”¯ä»˜å®,1.10E+20,1000å…ƒå®
57,1.40315E+18,ä¸‰å›½åˆä¼™äºº,8099d95af4d25e7dad6c938b6b232b23,300å…ƒå®,1.10032E+20,266405559,h10,10007550,0.3,2014-3-15 6:59,2014-3-15 6:59,,http://wapi.ldsg.lodogame.com:8088/webApi/payment.do,ä¿¡ç”¨å¡,1.10E+20,300å…ƒå®
58,1.40315E+18,ä¸‰å›½åˆä¼™äºº,8099d95af4d25e7dad6c938b6b232b23,50å…ƒå®,1.10032E+20,266405559,h10,10007550,0.05,2014-3-15 7:00,2014-3-15 7:00,,http://wapi.ldsg.lodogame.com:8088/webApi/payment.do,ä¿¡ç”¨å¡,1.10E+20,50å…ƒå®
59,1.40315E+18,ä¸‰å›½åˆä¼™äºº,8099d95af4d25e7dad6c938b6b232b23,50å…ƒå®,1.10032E+20,276409202,h2,2036700,0.05,2014-3-15 7:00,2014-3-15 7:01,,http://wapi.ldsg.lodogame.com:8088/webApi/payment.do,æ‰‹æœºæ”¯ä»˜å®,1.10E+20,50å…ƒå®
60,1.40315E+18,ä¸‰å›½åˆä¼™äºº,8099d95af4d25e7dad6c938b6b232b23,2000å…ƒå®,1.10032E+20,298913815,h19,19035542,2,2014-3-15 7:00,2014-3-15 7:00,,http://wapi.ldsg.lodogame.com:8088/webApi/payment.do,å‚¨è“„å¡æ”¯ä»˜,1.10E+20,2000å…ƒå®
61,1.40315E+18,ä¸‰å›½åˆä¼™äºº,8099d95af4d25e7dad6c938b6b232b23,5000å…ƒå®,1.10032E+20,298913815,h19,19035542,5,2014-3-15 7:03,2014-3-15 7:04,,http://wapi.ldsg.lodogame.com:8088/webApi/payment.do,å‚¨è“„å¡æ”¯ä»˜,1.10E+20,5000å…ƒå®
62,1.40315E+18,ä¸‰å›½åˆä¼™äºº,8099d95af4d25e7dad6c938b6b232b23,20000å…ƒå®,1.10032E+20,376548049,h1,1038558,20,2014-3-15 7:04,2014-3-15 7:06,,http://wapi.ldsg.lodogame.com:8088/webApi/payment.do,æ‰‹æœºæ”¯ä»˜å®,1.10E+20,20000å…ƒå®
63,1.40315E+18,ä¸‰å›½åˆä¼™äºº,8099d95af4d25e7dad6c938b6b232b23,1000å…ƒå®,1.10032E+20,330333828,h11,11041417,1,2014-3-15 7:04,2014-3-15 7:05,,http://wapi.ldsg.lodogame.com:8088/webApi/payment.do,æ‰‹æœºæ”¯ä»˜å®,1.10E+20,1000å…ƒå®
64,1.40315E+18,ä¸‰å›½åˆä¼™äºº,8099d95af4d25e7dad6c938b6b232b23,10000å…ƒå®,1.10032E+20,780931853,h25,25016645,10,2014-3-15 7:06,2014-3-15 7:06,,http://wapi.ldsg.lodogame.com:8088/webApi/payment.do,æ‰‹æœºæ”¯ä»˜å®,1.10E+20,10000å…ƒå®
65,1.40315E+18,ä¸‰å›½åˆä¼™äºº,8099d95af4d25e7dad6c938b6b232b23,1000å…ƒå®,1.10032E+20,428035442,h20,20000214,1,2014-3-15 7:07,2014-3-15 7:07,,http://wapi.ldsg.lodogame.com:8088/webApi/payment.do,å‚¨è“„å¡æ”¯ä»˜,1.10E+20,1000å…ƒå®
66,1.40315E+18,ä¸‰å›½åˆä¼™äºº,8099d95af4d25e7dad6c938b6b232b23,1000å…ƒå®,1.10032E+20,641446064,h12,12027752,1,2014-3-15 7:08,2014-3-15 7:08,,http://wapi.ldsg.lodogame.com:8088/webApi/payment.do,æ‰‹æœºæ”¯ä»˜å®,1.10E+20,1000å…ƒå®
67,1.40315E+18,ä¸‰å›½åˆä¼™äºº,8099d95af4d25e7dad6c938b6b232b23,50å…ƒå®,1.10032E+20,370832033,h6,6001553,0.05,2014-3-15 7:09,2014-3-15 7:10,,http://wapi.ldsg.lodogame.com:8088/webApi/payment.do,æ‰‹æœºæ”¯ä»˜å®,1.10E+20,50å…ƒå®
68,1.40315E+18,ä¸‰å›½åˆä¼™äºº,8099d95af4d25e7dad6c938b6b232b23,20000å…ƒå®,1.10032E+20,330333828,h11,11041417,20,2014-3-15 7:09,2014-3-15 7:10,,http://wapi.ldsg.lodogame.com:8088/webApi/payment.do,æ‰‹æœºæ”¯ä»˜å®,1.10E+20,20000å…ƒå®
69,1.40315E+18,ä¸‰å›½åˆä¼™äºº,8099d95af4d25e7dad6c938b6b232b23,2000å…ƒå®,1.10032E+20,280796826,h1,1055848,2,2014-3-15 7:11,2014-3-15 7:11,,http://wapi.ldsg.lodogame.com:8088/webApi/payment.do,ä¿¡ç”¨å¡,1.10E+20,2000å…ƒå®
70,1.40315E+18,ä¸‰å›½åˆä¼™äºº,8099d95af4d25e7dad6c938b6b232b23,50å…ƒå®,1.10032E+20,641446064,h12,12027752,0.05,2014-3-15 7:11,2014-3-15 7:11,,http://wapi.ldsg.lodogame.com:8088/webApi/payment.do,æ‰‹æœºæ”¯ä»˜å®,1.10E+20,50å…ƒå®
71,1.40315E+18,ä¸‰å›½åˆä¼™äºº,8099d95af4d25e7dad6c938b6b232b23,300å…ƒå®,1.10032E+20,470897096,h3,3024476,0.3,2014-3-15 7:11,2014-3-15 7:12,,http://wapi.ldsg.lodogame.com:8088/webApi/payment.do,æ‰‹æœºæ”¯ä»˜å®,1.10E+20,300å…ƒå®
72,1.40315E+18,ä¸‰å›½åˆä¼™äºº,8099d95af4d25e7dad6c938b6b232b23,1000å…ƒå®,1.10032E+20,475472581,h3,3002983,1,2014-3-15 7:12,2014-3-15 7:12,,http://wapi.ldsg.lodogame.com:8088/webApi/payment.do,ä¿¡ç”¨å¡,1.10E+20,1000å…ƒå®
73,1.40315E+18,ä¸‰å›½åˆä¼™äºº,8099d95af4d25e7dad6c938b6b232b23,1000å…ƒå®,1.10032E+20,298913815,h19,19035542,1,2014-3-15 7:13,2014-3-15 7:13,,http://wapi.ldsg.lodogame.com:8088/webApi/payment.do,å‚¨è“„å¡æ”¯ä»˜,1.10E+20,1000å…ƒå®
74,1.40315E+18,ä¸‰å›½åˆä¼™äºº,8099d95af4d25e7dad6c938b6b232b23,1000å…ƒå®,1.10032E+20,780931853,h25,25016645,1,2014-3-15 7:13,2014-3-15 7:13,,http://wapi.ldsg.lodogame.com:8088/webApi/payment.do,æ‰‹æœºæ”¯ä»˜å®,1.10E+20,1000å…ƒå®
75,1.40315E+18,ä¸‰å›½åˆä¼™äºº,8099d95af4d25e7dad6c938b6b232b23,1000å…ƒå®,1.10032E+20,475472581,h3,3002983,1,2014-3-15 7:13,2014-3-15 7:13,,http://wapi.ldsg.lodogame.com:8088/webApi/payment.do,ä¿¡ç”¨å¡,1.10E+20,1000å…ƒå®
76,1.40315E+18,ä¸‰å›½åˆä¼™äºº,8099d95af4d25e7dad6c938b6b232b23,1000å…ƒå®,1.10032E+20,310996355,h9,9000494,1,2014-3-15 7:15,2014-3-15 7:16,,http://wapi.ldsg.lodogame.com:8088/webApi/payment.do,æ‰‹æœºæ”¯ä»˜å®,1.10E+20,1000å…ƒå®
77,1.40315E+18,ä¸‰å›½åˆä¼™äºº,8099d95af4d25e7dad6c938b6b232b23,2000å…ƒå®,1.10032E+20,45691745,h2,2009959,2,2014-3-15 7:16,2014-3-15 7:17,,http://wapi.ldsg.lodogame.com:8088/webApi/payment.do,æ‰‹æœºæ”¯ä»˜å®,1.10E+20,2000å…ƒå®
78,1.40315E+18,ä¸‰å›½åˆä¼™äºº,8099d95af4d25e7dad6c938b6b232b23,20000å…ƒå®,1.10032E+20,367794440,h7,7006272,20,2014-3-15 7:18,2014-3-15 7:18,,http://wapi.ldsg.lodogame.com:8088/webApi/payment.do,æ‰‹æœºæ”¯ä»˜å®,1.10E+20,20000å…ƒå®
79,1.40315E+18,ä¸‰å›½åˆä¼™äºº,8099d95af4d25e7dad6c938b6b232b23,1000å…ƒå®,1.10032E+20,276409202,h2,2036700,1,2014-3-15 7:18,2014-3-15 7:19,,http://wapi.ldsg.lodogame.com:8088/webApi/payment.do,æ‰‹æœºæ”¯ä»˜å®,1.10E+20,1000å…ƒå®
80,1.40315E+18,ä¸‰å›½åˆä¼™äºº,8099d95af4d25e7dad6c938b6b232b23,50å…ƒå®,1.10032E+20,310996355,h9,9000494,0.05,2014-3-15 7:18,2014-3-15 7:19,,http://wapi.ldsg.lodogame.com:8088/webApi/payment.do,æ‰‹æœºæ”¯ä»˜å®,1.10E+20,50å…ƒå®
81,1.40315E+18,ä¸‰å›½åˆä¼™äºº,8099d95af4d25e7dad6c938b6b232b23,1000å…ƒå®,1.10032E+20,395882514,h22,22007343,1,2014-3-15 7:18,2014-3-15 7:19,,http://wapi.ldsg.lodogame.com:8088/webApi/payment.do,æ‰‹æœºæ”¯ä»˜å®,1.10E+20,1000å…ƒå®
82,1.40315E+18,ä¸‰å›½åˆä¼™äºº,8099d95af4d25e7dad6c938b6b232b23,50å…ƒå®,1.10032E+20,783215131,h25,25020176,0.05,2014-3-15 7:19,2014-3-15 7:20,,http://wapi.ldsg.lodogame.com:8088/webApi/payment.do,æ‰‹æœºæ”¯ä»˜å®,1.10E+20,50å…ƒå®
83,1.40315E+18,ä¸‰å›½åˆä¼™äºº,8099d95af4d25e7dad6c938b6b232b23,20000å…ƒå®,1.10032E+20,235585734,h8,8000032,20,2014-3-15 7:19,2014-3-15 7:19,,http://wapi.ldsg.lodogame.com:8088/webApi/payment.do,æ‰‹æœºæ”¯ä»˜å®,1.10E+20,20000å…ƒå®
84,1.40315E+18,ä¸‰å›½åˆä¼™äºº,8099d95af4d25e7dad6c938b6b232b23,200å…ƒå®,1.10032E+20,774051336,h24,24014711,0.2,2014-3-15 7:19,2014-3-15 7:19,,http://wapi.ldsg.lodogame.com:8088/webApi/payment.do,æ‰‹æœºæ”¯ä»˜å®,1.10E+20,200å…ƒå®
85,1.40315E+18,ä¸‰å›½åˆä¼™äºº,8099d95af4d25e7dad6c938b6b232b23,50å…ƒå®,1.10032E+20,605789071,h10,10016568,0.05,2014-3-15 7:20,2014-3-15 7:20,,http://wapi.ldsg.lodogame.com:8088/webApi/payment.do,æ‰‹æœºæ”¯ä»˜å®,1.10E+20,50å…ƒå®
86,1.40315E+18,ä¸‰å›½åˆä¼™äºº,8099d95af4d25e7dad6c938b6b232b23,50å…ƒå®,1.10032E+20,74922719,h19,19034798,0.05,2014-3-15 7:20,2014-3-15 7:21,,http://wapi.ldsg.lodogame.com:8088/webApi/payment.do,æ‰‹æœºæ”¯ä»˜å®,1.10E+20,50å…ƒå®
87,1.40315E+18,ä¸‰å›½åˆä¼™äºº,8099d95af4d25e7dad6c938b6b232b23,50å…ƒå®,1.10032E+20,742230520,h17,17010774,0.05,2014-3-15 7:20,2014-3-15 7:20,,http://wapi.ldsg.lodogame.com:8088/webApi/payment.do,ä¿¡ç”¨å¡,1.10E+20,50å…ƒå®
88,1.40315E+18,ä¸‰å›½åˆä¼™äºº,8099d95af4d25e7dad6c938b6b232b23,200å…ƒå®,1.10032E+20,390913629,h17,17014180,0.2,2014-3-15 7:21,2014-3-15 7:21,,http://wapi.ldsg.lodogame.com:8088/webApi/payment.do,æ‰‹æœºæ”¯ä»˜å®,1.10E+20,200å…ƒå®
89,1.40315E+18,ä¸‰å›½åˆä¼™äºº,8099d95af4d25e7dad6c938b6b232b23,100å…ƒå®,1.10032E+20,774051336,h24,24014711,0.1,2014-3-15 7:21,2014-3-15 7:21,,http://wapi.ldsg.lodogame.com:8088/webApi/payment.do,æ‰‹æœºæ”¯ä»˜å®,1.10E+20,100å…ƒå®
90,1.40315E+18,ä¸‰å›½åˆä¼™äºº,8099d95af4d25e7dad6c938b6b232b23,50å…ƒå®,1.10032E+20,399751326,h13,13003444,0.05,2014-3-15 7:21,2014-3-15 7:21,,http://wapi.ldsg.lodogame.com:8088/webApi/payment.do,ä¿¡ç”¨å¡,1.10E+20,50å…ƒå®
91,1.40315E+18,ä¸‰å›½åˆä¼™äºº,8099d95af4d25e7dad6c938b6b232b23,50å…ƒå®,1.10032E+20,74922719,h19,19034798,0.05,2014-3-15 7:22,2014-3-15 7:22,,http://wapi.ldsg.lodogame.com:8088/webApi/payment.do,æ‰‹æœºæ”¯ä»˜å®,1.10E+20,50å…ƒå®
92,1.40315E+18,ä¸‰å›½åˆä¼™äºº,8099d95af4d25e7dad6c938b6b232b23,50å…ƒå®,1.10032E+20,774051336,h24,24014711,0.05,2014-3-15 7:22,2014-3-15 7:22,,http://wapi.ldsg.lodogame.com:8088/webApi/payment.do,æ‰‹æœºæ”¯ä»˜å®,1.10E+20,50å…ƒå®
93,1.40315E+18,ä¸‰å›½åˆä¼™äºº,8099d95af4d25e7dad6c938b6b232b23,50å…ƒå®,1.10032E+20,296187697,h4,4000163,0.05,2014-3-15 7:22,2014-3-15 7:23,,http://wapi.ldsg.lodogame.com:8088/webApi/payment.do,æ‰‹æœºæ”¯ä»˜å®,1.10E+20,50å…ƒå®
94,1.40315E+18,ä¸‰å›½åˆä¼™äºº,8099d95af4d25e7dad6c938b6b232b23,20000å…ƒå®,1.10032E+20,605789071,h10,10016568,20,2014-3-15 7:23,2014-3-15 7:23,,http://wapi.ldsg.lodogame.com:8088/webApi/payment.do,æ‰‹æœºæ”¯ä»˜å®,1.10E+20,20000å…ƒå®
95,1.40315E+18,ä¸‰å›½åˆä¼™äºº,8099d95af4d25e7dad6c938b6b232b23,50å…ƒå®,1.10032E+20,296187697,h4,4000163,0.05,2014-3-15 7:23,2014-3-15 7:24,,http://wapi.ldsg.lodogame.com:8088/webApi/payment.do,æ‰‹æœºæ”¯ä»˜å®,1.10E+20,50å…ƒå®
96,1.40315E+18,ä¸‰å›½åˆä¼™äºº,8099d95af4d25e7dad6c938b6b232b23,50å…ƒå®,1.10032E+20,399751326,h13,13003444,0.05,2014-3-15 7:24,2014-3-15 7:24,,http://wapi.ldsg.lodogame.com:8088/webApi/payment.do,ä¿¡ç”¨å¡,1.10E+20,50å…ƒå®
97,1.40315E+18,ä¸‰å›½åˆä¼™äºº,8099d95af4d25e7dad6c938b6b232b23,2000å…ƒå®,1.10032E+20,317070534,h1,1029801,2,2014-3-15 7:24,2014-3-15 7:24,,http://wapi.ldsg.lodogame.com:8088/webApi/payment.do,ä¿¡ç”¨å¡,1.10E+20,2000å…ƒå®
98,1.40315E+18,ä¸‰å›½åˆä¼™äºº,8099d95af4d25e7dad6c938b6b232b23,300å…ƒå®,1.10032E+20,428933450,h2,2101584,0.3,2014-3-15 7:24,2014-3-15 7:24,,http://wapi.ldsg.lodogame.com:8088/webApi/payment.do,ä¿¡ç”¨å¡,1.10E+20,300å…ƒå®
99,1.40315E+18,ä¸‰å›½åˆä¼™äºº,8099d95af4d25e7dad6c938b6b232b23,100å…ƒå®,1.10032E+20,74922719,h19,19034798,0.1,2014-3-15 7:24,2014-3-15 7:25,,http://wapi.ldsg.lodogame.com:8088/webApi/payment.do,æ‰‹æœºæ”¯ä»˜å®,1.10E+20,100å…ƒå®
100,1.40315E+18,ä¸‰å›½åˆä¼™äºº,8099d95af4d25e7dad6c938b6b232b23,1000å…ƒå®,1.10032E+20,74922719,h19,19034798,1,2014-3-15 7:25,2014-3-15 7:26,,http://wapi.ldsg.lodogame.com:8088/webApi/payment.do,æ‰‹æœºæ”¯ä»˜å®,1.10E+20,1000å…ƒå®
101,1.40315E+18,ä¸‰å›½åˆä¼™äºº,8099d95af4d25e7dad6c938b6b232b23,50å…ƒå®,1.10032E+20,78324138,h4,4029454,0.05,2014-3-15 7:26,2014-3-15 7:27,,http://wapi.ldsg.lodogame.com:8088/webApi/payment.do,å‚¨è“„å¡æ”¯ä»˜,1.10E+20,50å…ƒå®
102,1.40315E+18,ä¸‰å›½åˆä¼™äºº,8099d95af4d25e7dad6c938b6b232b23,20000å…ƒå®,1.10032E+20,74922719,h19,19034798,20,2014-3-15 7:26,2014-3-15 7:26,,http://wapi.ldsg.lodogame.com:8088/webApi/payment.do,æ‰‹æœºæ”¯ä»˜å®,1.10E+20,20000å…ƒå®
103,1.40315E+18,ä¸‰å›½åˆä¼™äºº,8099d95af4d25e7dad6c938b6b232b23,20000å…ƒå®,1.10032E+20,428933450,h2,2101584,20,2014-3-15 7:26,2014-3-15 7:26,,http://wapi.ldsg.lodogame.com:8088/webApi/payment.do,ä¿¡ç”¨å¡,1.10E+20,20000å…ƒå®
104,1.40315E+18,ä¸‰å›½åˆä¼™äºº,8099d95af4d25e7dad6c938b6b232b23,2000å…ƒå®,1.10032E+20,296187697,h4,4000163,2,2014-3-15 7:27,2014-3-15 7:27,,http://wapi.ldsg.lodogame.com:8088/webApi/payment.do,æ‰‹æœºæ”¯ä»˜å®,1.10E+20,2000å…ƒå®
105,1.40315E+18,ä¸‰å›½åˆä¼™äºº,8099d95af4d25e7dad6c938b6b232b23,50å…ƒå®,1.10032E+20,302123570,h8,8017400,0.05,2014-3-15 7:28,2014-3-15 7:29,,http://wapi.ldsg.lodogame.com:8088/webApi/payment.do,æ‰‹æœºæ”¯ä»˜å®,1.10E+20,50å…ƒå®
106,1.40315E+18,ä¸‰å›½åˆä¼™äºº,8099d95af4d25e7dad6c938b6b232b23,500å…ƒå®,1.10032E+20,29234367,h22,22014055,0.5,2014-3-15 7:29,2014-3-15 7:29,,http://wapi.ldsg.lodogame.com:8088/webApi/payment.do,ä¿¡ç”¨å¡,1.10E+20,500å…ƒå®
107,1.40315E+18,ä¸‰å›½åˆä¼™äºº,8099d95af4d25e7dad6c938b6b232b23,50å…ƒå®,1.10032E+20,194462169,h4,4023026,0.05,2014-3-15 7:30,2014-3-15 7:30,,http://wapi.ldsg.lodogame.com:8088/webApi/payment.do,æ‰‹æœºæ”¯ä»˜å®,1.10E+20,50å…ƒå®
108,1.40315E+18,ä¸‰å›½åˆä¼™äºº,8099d95af4d25e7dad6c938b6b232b23,5000å…ƒå®,1.10032E+20,317070534,h1,1029801,5,2014-3-15 7:30,2014-3-15 7:31,,http://wapi.ldsg.lodogame.com:8088/webApi/payment.do,ä¿¡ç”¨å¡,1.10E+20,5000å…ƒå®
109,1.40315E+18,ä¸‰å›½åˆä¼™äºº,8099d95af4d25e7dad6c938b6b232b23,2000å…ƒå®,1.10032E+20,78324138,h4,4029454,2,2014-3-15 7:31,2014-3-15 7:31,,http://wapi.ldsg.lodogame.com:8088/webApi/payment.do,å‚¨è“„å¡æ”¯ä»˜,1.10E+20,2000å…ƒå®
110,1.40315E+18,ä¸‰å›½åˆä¼™äºº,8099d95af4d25e7dad6c938b6b232b23,50å…ƒå®,1.10032E+20,610058713,h8,8024853,0.05,2014-3-15 7:32,2014-3-15 7:33,,http://wapi.ldsg.lodogame.com:8088/webApi/payment.do,æ‰‹æœºæ”¯ä»˜å®,1.10E+20,50å…ƒå®
111,1.40315E+18,ä¸‰å›½åˆä¼™äºº,8099d95af4d25e7dad6c938b6b232b23,50å…ƒå®,1.10032E+20,305149370,h17,17010528,0.05,2014-3-15 7:33,2014-3-15 7:33,,http://wapi.ldsg.lodogame.com:8088/webApi/payment.do,æ‰‹æœºæ”¯ä»˜å®,1.10E+20,50å…ƒå®
112,1.40315E+18,ä¸‰å›½åˆä¼™äºº,8099d95af4d25e7dad6c938b6b232b23,50å…ƒå®,1.10032E+20,621899538,h8,8025719,0.05,2014-3-15 7:34,2014-3-15 7:34,,http://wapi.ldsg.lodogame.com:8088/webApi/payment.do,æ‰‹æœºæ”¯ä»˜å®,1.10E+20,50å…ƒå®
113,1.40315E+18,ä¸‰å›½åˆä¼™äºº,8099d95af4d25e7dad6c938b6b232b23,50å…ƒå®,1.10032E+20,320360473,h19,19001405,0.05,2014-3-15 7:34,2014-3-15 7:34,,http://wapi.ldsg.lodogame.com:8088/webApi/payment.do,æ‰‹æœºæ”¯ä»˜å®,1.10E+20,50å…ƒå®
114,1.40315E+18,ä¸‰å›½åˆä¼™äºº,8099d95af4d25e7dad6c938b6b232b23,50å…ƒå®,1.10032E+20,740644893,h17,17021568,0.05,2014-3-15 7:35,2014-3-15 7:36,,http://wapi.ldsg.lodogame.com:8088/webApi/payment.do,æ‰‹æœºæ”¯ä»˜å®,1.10E+20,50å…ƒå®
115,1.40315E+18,ä¸‰å›½åˆä¼™äºº,8099d95af4d25e7dad6c938b6b232b23,50å…ƒå®,1.10032E+20,621899538,h8,8025719,0.05,2014-3-15 7:36,2014-3-15 7:37,,http://wapi.ldsg.lodogame.com:8088/webApi/payment.do,æ‰‹æœºæ”¯ä»˜å®,1.10E+20,50å…ƒå®
116,1.40315E+18,ä¸‰å›½åˆä¼™äºº,8099d95af4d25e7dad6c938b6b232b23,50å…ƒå®,1.10032E+20,610058713,h8,8024853,0.05,2014-3-15 7:37,2014-3-15 7:37,,http://wapi.ldsg.lodogame.com:8088/webApi/payment.do,æ‰‹æœºæ”¯ä»˜å®,1.10E+20,50å…ƒå®
117,1.40315E+18,ä¸‰å›½åˆä¼™äºº,8099d95af4d25e7dad6c938b6b232b23,10000å…ƒå®,1.10032E+20,621899538,h8,8025719,10,2014-3-15 7:38,2014-3-15 7:39,,http://wapi.ldsg.lodogame.com:8088/webApi/payment.do,æ‰‹æœºæ”¯ä»˜å®,1.10E+20,10000å…ƒå®
118,1.40315E+18,ä¸‰å›½åˆä¼™äºº,8099d95af4d25e7dad6c938b6b232b23,50å…ƒå®,1.10032E+20,396028684,h5,5038212,0.05,2014-3-15 7:38,2014-3-15 7:39,,http://wapi.ldsg.lodogame.com:8088/webApi/payment.do,å‚¨è“„å¡æ”¯ä»˜,1.10E+20,50å…ƒå®
119,1.40315E+18,ä¸‰å›½åˆä¼™äºº,8099d95af4d25e7dad6c938b6b232b23,500å…ƒå®,1.10032E+20,420999289,h14,14001682,0.5,2014-3-15 7:39,2014-3-15 7:39,,http://wapi.ldsg.lodogame.com:8088/webApi/payment.do,ä¿¡ç”¨å¡,1.10E+20,500å…ƒå®
120,1.40315E+18,ä¸‰å›½åˆä¼™äºº,8099d95af4d25e7dad6c938b6b232b23,50å…ƒå®,1.10032E+20,302123570,h8,8017400,0.05,2014-3-15 7:39,2014-3-15 7:40,,http://wapi.ldsg.lodogame.com:8088/webApi/payment.do,æ‰‹æœºæ”¯ä»˜å®,1.10E+20,50å…ƒå®
121,1.40315E+18,ä¸‰å›½åˆä¼™äºº,8099d95af4d25e7dad6c938b6b232b23,20000å…ƒå®,1.10032E+20,27984041,h1,1090703,20,2014-3-15 7:41,2014-3-15 7:42,,http://wapi.ldsg.lodogame.com:8088/webApi/payment.do,æ‰‹æœºæ”¯ä»˜å®,1.10E+20,20000å…ƒå®
122,1.40315E+18,ä¸‰å›½åˆä¼™äºº,8099d95af4d25e7dad6c938b6b232b23,100å…ƒå®,1.10032E+20,780959554,h16,16050335,0.1,2014-3-15 7:42,2014-3-15 7:42,,http://wapi.ldsg.lodogame.com:8088/webApi/payment.do,å‚¨è“„å¡æ”¯ä»˜,1.10E+20,100å…ƒå®
123,1.40315E+18,ä¸‰å›½åˆä¼™äºº,8099d95af4d25e7dad6c938b6b232b23,50å…ƒå®,1.10032E+20,298913815,h19,19035542,0.05,2014-3-15 7:42,2014-3-15 7:42,,http://wapi.ldsg.lodogame.com:8088/webApi/payment.do,å‚¨è“„å¡æ”¯ä»˜,1.10E+20,50å…ƒå®
124,1.40315E+18,ä¸‰å›½åˆä¼™äºº,8099d95af4d25e7dad6c938b6b232b23,50å…ƒå®,1.10032E+20,396028684,h5,5038212,0.05,2014-3-15 7:42,2014-3-15 7:43,,http://wapi.ldsg.lodogame.com:8088/webApi/payment.do,å‚¨è“„å¡æ”¯ä»˜,1.10E+20,50å…ƒå®
125,1.40315E+18,ä¸‰å›½åˆä¼™äºº,8099d95af4d25e7dad6c938b6b232b23,50å…ƒå®,1.10032E+20,390913629,h17,17014180,0.05,2014-3-15 7:46,2014-3-15 7:46,,http://wapi.ldsg.lodogame.com:8088/webApi/payment.do,æ‰‹æœºæ”¯ä»˜å®,1.10E+20,50å…ƒå®
126,1.40315E+18,ä¸‰å›½åˆä¼™äºº,8099d95af4d25e7dad6c938b6b232b23,20000å…ƒå®,1.10032E+20,296187697,h4,4000163,20,2014-3-15 7:46,2014-3-15 7:46,,http://wapi.ldsg.lodogame.com:8088/webApi/payment.do,æ‰‹æœºæ”¯ä»˜å®,1.10E+20,20000å…ƒå®
127,1.40315E+18,ä¸‰å›½åˆä¼™äºº,8099d95af4d25e7dad6c938b6b232b23,1000å…ƒå®,1.10032E+20,106447354,h8,8009308,1,2014-3-15 7:48,2014-3-15 7:48,,http://wapi.ldsg.lodogame.com:8088/webApi/payment.do,æ‰‹æœºæ”¯ä»˜å®,1.10E+20,1000å…ƒå®
128,1.40315E+18,ä¸‰å›½åˆä¼™äºº,8099d95af4d25e7dad6c938b6b232b23,20000å…ƒå®,1.10032E+20,296187697,h4,4000163,20,2014-3-15 7:49,2014-3-15 7:49,,http://wapi.ldsg.lodogame.com:8088/webApi/payment.do,æ‰‹æœºæ”¯ä»˜å®,1.10E+20,20000å…ƒå®
129,1.40315E+18,ä¸‰å›½åˆä¼™äºº,8099d95af4d25e7dad6c938b6b232b23,50å…ƒå®,1.10032E+20,326541209,h19,19017638,0.05,2014-3-15 7:50,2014-3-15 7:50,,http://wapi.ldsg.lodogame.com:8088/webApi/payment.do,æ‰‹æœºæ”¯ä»˜å®,1.10E+20,50å…ƒå®
130,1.40315E+18,ä¸‰å›½åˆä¼™äºº,8099d95af4d25e7dad6c938b6b232b23,20000å…ƒå®,1.10032E+20,610058713,h8,8024853,20,2014-3-15 7:50,2014-3-15 7:51,,http://wapi.ldsg.lodogame.com:8088/webApi/payment.do,æ‰‹æœºæ”¯ä»˜å®,1.10E+20,20000å…ƒå®
131,1.40315E+18,ä¸‰å›½åˆä¼™äºº,8099d95af4d25e7dad6c938b6b232b23,50å…ƒå®,1.10032E+20,326541209,h19,19017638,0.05,2014-3-15 7:51,2014-3-15 7:51,,http://wapi.ldsg.lodogame.com:8088/webApi/payment.do,æ‰‹æœºæ”¯ä»˜å®,1.10E+20,50å…ƒå®
132,1.40315E+18,ä¸‰å›½åˆä¼™äºº,8099d95af4d25e7dad6c938b6b232b23,10000å…ƒå®,1.10032E+20,266601568,h3,3000135,10,2014-3-15 7:53,2014-3-15 7:54,,http://wapi.ldsg.lodogame.com:8088/webApi/payment.do,æ‰‹æœºæ”¯ä»˜å®,1.10E+20,10000å…ƒå®
133,1.40315E+18,ä¸‰å›½åˆä¼™äºº,8099d95af4d25e7dad6c938b6b232b23,20000å…ƒå®,1.10032E+20,777513339,h25,25003015,20,2014-3-15 7:56,2014-3-15 7:57,,http://wapi.ldsg.lodogame.com:8088/webApi/payment.do,æ‰‹æœºæ”¯ä»˜å®,1.10E+20,20000å…ƒå®
134,1.40315E+18,ä¸‰å›½åˆä¼™äºº,8099d95af4d25e7dad6c938b6b232b23,1000å…ƒå®,1.10032E+20,775584232,h24,24014247,1,2014-3-15 7:57,2014-3-15 7:57,,http://wapi.ldsg.lodogame.com:8088/webApi/payment.do,å‚¨è“„å¡æ”¯ä»˜,1.10E+20,1000å…ƒå®
135,1.40315E+18,ä¸‰å›½åˆä¼™äºº,8099d95af4d25e7dad6c938b6b232b23,50å…ƒå®,1.10032E+20,769822331,h4,4034609,0.05,2014-3-15 7:57,2014-3-15 7:57,,http://wapi.ldsg.lodogame.com:8088/webApi/payment.do,æ‰‹æœºæ”¯ä»˜å®,1.10E+20,50å…ƒå®
136,1.40315E+18,ä¸‰å›½åˆä¼™äºº,8099d95af4d25e7dad6c938b6b232b23,2000å…ƒå®,1.10032E+20,612418670,h11,11031188,2,2014-3-15 7:58,2014-3-15 7:58,,http://wapi.ldsg.lodogame.com:8088/webApi/payment.do,æ‰‹æœºæ”¯ä»˜å®,1.10E+20,2000å…ƒå®
137,1.40315E+18,ä¸‰å›½åˆä¼™äºº,8099d95af4d25e7dad6c938b6b232b23,50å…ƒå®,1.10032E+20,393940329,h3,3002109,0.05,2014-3-15 7:58,2014-3-15 7:59,,http://wapi.ldsg.lodogame.com:8088/webApi/payment.do,æ‰‹æœºæ”¯ä»˜å®,1.10E+20,50å…ƒå®
138,1.40315E+18,ä¸‰å›½åˆä¼™äºº,8099d95af4d25e7dad6c938b6b232b23,20000å…ƒå®,1.10032E+20,775584232,h24,24014247,20,2014-3-15 7:58,2014-3-15 7:59,,http://wapi.ldsg.lodogame.com:8088/webApi/payment.do,å‚¨è“„å¡æ”¯ä»˜,1.10E+20,20000å…ƒå®
139,1.40315E+18,ä¸‰å›½åˆä¼™äºº,8099d95af4d25e7dad6c938b6b232b23,20000å…ƒå®,1.10032E+20,775584232,h24,24014247,20,2014-3-15 7:59,2014-3-15 8:00,,http://wapi.ldsg.lodogame.com:8088/webApi/payment.do,å‚¨è“„å¡æ”¯ä»˜,1.10E+20,20000å…ƒå®
140,1.40315E+18,ä¸‰å›½åˆä¼™äºº,8099d95af4d25e7dad6c938b6b232b23,2000å…ƒå®,1.10032E+20,335095492,h2,2033909,2,2014-3-15 8:00,2014-3-15 8:00,,http://wapi.ldsg.lodogame.com:8088/webApi/payment.do,æ‰‹æœºæ”¯ä»˜å®,1.10E+20,2000å…ƒå®
141,1.40315E+18,ä¸‰å›½åˆä¼™äºº,8099d95af4d25e7dad6c938b6b232b23,20000å…ƒå®,1.10032E+20,291352827,h22,22015566,20,2014-3-15 8:00,2014-3-15 8:00,,http://wapi.ldsg.lodogame.com:8088/webApi/payment.do,360å¸,1.10E+20,20000å…ƒå®
142,1.40315E+18,ä¸‰å›½åˆä¼™äºº,8099d95af4d25e7dad6c938b6b232b23,20000å…ƒå®,1.10032E+20,584368976,h12,12015097,20,2014-3-15 8:01,2014-3-15 8:03,,http://wapi.ldsg.lodogame.com:8088/webApi/payment.do,å‚¨è“„å¡æ”¯ä»˜,1.10E+20,20000å…ƒå®
143,1.40315E+18,ä¸‰å›½åˆä¼™äºº,8099d95af4d25e7dad6c938b6b232b23,2000å…ƒå®,1.10032E+20,769822331,h4,4034609,2,2014-3-15 8:01,2014-3-15 8:01,,http://wapi.ldsg.lodogame.com:8088/webApi/payment.do,æ‰‹æœºæ”¯ä»˜å®,1.10E+20,2000å…ƒå®
144,1.40315E+18,ä¸‰å›½åˆä¼™äºº,8099d95af4d25e7dad6c938b6b232b23,50å…ƒå®,1.10032E+20,192554985,h19,19031416,0.05,2014-3-15 8:01,2014-3-15 8:02,,http://wapi.ldsg.lodogame.com:8088/webApi/payment.do,æ‰‹æœºæ”¯ä»˜å®,1.10E+20,50å…ƒå®
145,1.40315E+18,ä¸‰å›½åˆä¼™äºº,8099d95af4d25e7dad6c938b6b232b23,20000å…ƒå®,1.10032E+20,775584232,h24,24014247,20,2014-3-15 8:01,2014-3-15 8:02,,http://wapi.ldsg.lodogame.com:8088/webApi/payment.do,å‚¨è“„å¡æ”¯ä»˜,1.10E+20,20000å…ƒå®
146,1.40315E+18,ä¸‰å›½åˆä¼™äºº,8099d95af4d25e7dad6c938b6b232b23,1000å…ƒå®,1.10032E+20,377348109,h1,1028121,1,2014-3-15 8:02,2014-3-15 8:04,,http://wapi.ldsg.lodogame.com:8088/webApi/payment.do,å‚¨è“„å¡æ”¯ä»˜,1.10E+20,1000å…ƒå®
147,1.40315E+18,ä¸‰å›½åˆä¼™äºº,8099d95af4d25e7dad6c938b6b232b23,20000å…ƒå®,1.10032E+20,291352827,h22,22015566,20,2014-3-15 8:03,2014-3-15 8:03,,http://wapi.ldsg.lodogame.com:8088/webApi/payment.do,360å¸,1.10E+20,20000å…ƒå®
148,1.40315E+18,ä¸‰å›½åˆä¼™äºº,8099d95af4d25e7dad6c938b6b232b23,20000å…ƒå®,1.10032E+20,775584232,h24,24014247,20,2014-3-15 8:03,2014-3-15 8:03,,http://wapi.ldsg.lodogame.com:8088/webApi/payment.do,å‚¨è“„å¡æ”¯ä»˜,1.10E+20,20000å…ƒå®
149,1.40315E+18,ä¸‰å›½åˆä¼™äºº,8099d95af4d25e7dad6c938b6b232b23,50å…ƒå®,1.10032E+20,80763499,h19,19033289,0.05,2014-3-15 8:04,2014-3-15 8:04,,http://wapi.ldsg.lodogame.com:8088/webApi/payment.do,ä¿¡ç”¨å¡,1.10E+20,50å…ƒå®
150,1.40315E+18,ä¸‰å›½åˆä¼™äºº,8099d95af4d25e7dad6c938b6b232b23,10000å…ƒå®,1.10032E+20,27828750,h12,12003749,10,2014-3-15 8:04,2014-3-15 8:05,,http://wapi.ldsg.lodogame.com:8088/webApi/payment.do,360å¸,1.10E+20,10000å…ƒå®
151,1.40315E+18,ä¸‰å›½åˆä¼™äºº,8099d95af4d25e7dad6c938b6b232b23,20000å…ƒå®,1.10032E+20,584368976,h12,12015097,20,2014-3-15 8:05,2014-3-15 8:05,,http://wapi.ldsg.lodogame.com:8088/webApi/payment.do,å‚¨è“„å¡æ”¯ä»˜,1.10E+20,20000å…ƒå®
152,1.40315E+18,ä¸‰å›½åˆä¼™äºº,8099d95af4d25e7dad6c938b6b232b23,20000å…ƒå®,1.10032E+20,775584232,h24,24014247,20,2014-3-15 8:05,2014-3-15 8:05,,http://wapi.ldsg.lodogame.com:8088/webApi/payment.do,å‚¨è“„å¡æ”¯ä»˜,1.10E+20,20000å…ƒå®
153,1.40315E+18,ä¸‰å›½åˆä¼™äºº,8099d95af4d25e7dad6c938b6b232b23,20000å…ƒå®,1.10032E+20,775584232,h24,24014247,20,2014-3-15 8:06,2014-3-15 8:06,,http://wapi.ldsg.lodogame.com:8088/webApi/payment.do,å‚¨è“„å¡æ”¯ä»˜,1.10E+20,20000å…ƒå®
154,1.40315E+18,ä¸‰å›½åˆä¼™äºº,8099d95af4d25e7dad6c938b6b232b23,10000å…ƒå®,1.10032E+20,377348109,h1,1028121,10,2014-3-15 8:06,2014-3-15 8:06,,http://wapi.ldsg.lodogame.com:8088/webApi/payment.do,å‚¨è“„å¡æ”¯ä»˜,1.10E+20,10000å…ƒå®
155,1.40315E+18,ä¸‰å›½åˆä¼™äºº,8099d95af4d25e7dad6c938b6b232b23,20000å…ƒå®,1.10032E+20,584368976,h12,12015097,20,2014-3-15 8:06,2014-3-15 8:06,,http://wapi.ldsg.lodogame.com:8088/webApi/payment.do,å‚¨è“„å¡æ”¯ä»˜,1.10E+20,20000å…ƒå®
156,1.40315E+18,ä¸‰å›½åˆä¼™äºº,8099d95af4d25e7dad6c938b6b232b23,50å…ƒå®,1.10032E+20,408246535,h9,9014170,0.05,2014-3-15 8:06,2014-3-15 8:06,,http://wapi.ldsg.lodogame.com:8088/webApi/payment.do,æ‰‹æœºæ”¯ä»˜å®,1.10E+20,50å…ƒå®
157,1.40315E+18,ä¸‰å›½åˆä¼™äºº,8099d95af4d25e7dad6c938b6b232b23,20000å…ƒå®,1.10032E+20,775584232,h24,24014247,20,2014-3-15 8:06,2014-3-15 8:07,,http://wapi.ldsg.lodogame.com:8088/webApi/payment.do,å‚¨è“„å¡æ”¯ä»˜,1.10E+20,20000å…ƒå®
158,1.40315E+18,ä¸‰å›½åˆä¼™äºº,8099d95af4d25e7dad6c938b6b232b23,50å…ƒå®,1.10032E+20,408246535,h9,9014170,0.05,2014-3-15 8:07,2014-3-15 8:07,,http://wapi.ldsg.lodogame.com:8088/webApi/payment.do,æ‰‹æœºæ”¯ä»˜å®,1.10E+20,50å…ƒå®
159,1.40315E+18,ä¸‰å›½åˆä¼™äºº,8099d95af4d25e7dad6c938b6b232b23,10000å…ƒå®,1.10032E+20,775584232,h24,24014247,10,2014-3-15 8:07,2014-3-15 8:07,,http://wapi.ldsg.lodogame.com:8088/webApi/payment.do,å‚¨è“„å¡æ”¯ä»˜,1.10E+20,10000å…ƒå®
160,1.40315E+18,ä¸‰å›½åˆä¼™äºº,8099d95af4d25e7dad6c938b6b232b23,20000å…ƒå®,1.10032E+20,584368976,h12,12015097,20,2014-3-15 8:07,2014-3-15 8:08,,http://wapi.ldsg.lodogame.com:8088/webApi/payment.do,å‚¨è“„å¡æ”¯ä»˜,1.10E+20,20000å…ƒå®
161,1.40315E+18,ä¸‰å›½åˆä¼™äºº,8099d95af4d25e7dad6c938b6b232b23,20000å…ƒå®,1.10032E+20,775584232,h24,24014247,20,2014-3-15 8:09,2014-3-15 8:09,,http://wapi.ldsg.lodogame.com:8088/webApi/payment.do,å‚¨è“„å¡æ”¯ä»˜,1.10E+20,20000å…ƒå®
162,1.40315E+18,ä¸‰å›½åˆä¼™äºº,8099d95af4d25e7dad6c938b6b232b23,20000å…ƒå®,1.10032E+20,775584232,h24,24014247,20,2014-3-15 8:10,2014-3-15 8:10,,http://wapi.ldsg.lodogame.com:8088/webApi/payment.do,å‚¨è“„å¡æ”¯ä»˜,1.10E+20,20000å…ƒå®
163,1.40315E+18,ä¸‰å›½åˆä¼™äºº,8099d95af4d25e7dad6c938b6b232b23,100å…ƒå®,1.10032E+20,332376354,h1,1065621,0.1,2014-3-15 8:10,2014-3-15 8:14,,http://wapi.ldsg.lodogame.com:8088/webApi/payment.do,å‚¨è“„å¡æ”¯ä»˜,1.10E+20,100å…ƒå®
164,1.40315E+18,ä¸‰å›½åˆä¼™äºº,8099d95af4d25e7dad6c938b6b232b23,20000å…ƒå®,1.10032E+20,775584232,h24,24014247,20,2014-3-15 8:10,2014-3-15 8:11,,http://wapi.ldsg.lodogame.com:8088/webApi/payment.do,å‚¨è“„å¡æ”¯ä»˜,1.10E+20,20000å…ƒå®
165,1.40315E+18,ä¸‰å›½åˆä¼™äºº,8099d95af4d25e7dad6c938b6b232b23,20000å…ƒå®,1.10032E+20,765880883,h25,25008878,20,2014-3-15 8:11,2014-3-15 8:11,,http://wapi.ldsg.lodogame.com:8088/webApi/payment.do,æ‰‹æœºæ”¯ä»˜å®,1.10E+20,20000å…ƒå®
166,1.40315E+18,ä¸‰å›½åˆä¼™äºº,8099d95af4d25e7dad6c938b6b232b23,50å…ƒå®,1.10032E+20,740474866,h15,15024220,0.05,2014-3-15 8:11,2014-3-15 8:11,,http://wapi.ldsg.lodogame.com:8088/webApi/payment.do,ä¿¡ç”¨å¡,1.10E+20,50å…ƒå®
167,1.40315E+18,ä¸‰å›½åˆä¼™äºº,8099d95af4d25e7dad6c938b6b232b23,50å…ƒå®,1.10032E+20,468839589,h9,9005416,0.05,2014-3-15 8:11,2014-3-15 8:11,,http://wapi.ldsg.lodogame.com:8088/webApi/payment.do,ä¿¡ç”¨å¡,1.10E+20,50å…ƒå®
168,1.40315E+18,ä¸‰å›½åˆä¼™äºº,8099d95af4d25e7dad6c938b6b232b23,100å…ƒå®,1.10032E+20,740474866,h15,15024220,0.1,2014-3-15 8:12,2014-3-15 8:12,,http://wapi.ldsg.lodogame.com:8088/webApi/payment.do,ä¿¡ç”¨å¡,1.10E+20,100å…ƒå®
169,1.40315E+18,ä¸‰å›½åˆä¼™äºº,8099d95af4d25e7dad6c938b6b232b23,50å…ƒå®,1.10032E+20,80763499,h19,19033289,0.05,2014-3-15 8:12,2014-3-15 8:12,,http://wapi.ldsg.lodogame.com:8088/webApi/payment.do,ä¿¡ç”¨å¡,1.10E+20,50å…ƒå®
170,1.40315E+18,ä¸‰å›½åˆä¼™äºº,8099d95af4d25e7dad6c938b6b232b23,20000å…ƒå®,1.10032E+20,775584232,h24,24014247,20,2014-3-15 8:12,2014-3-15 8:12,,http://wapi.ldsg.lodogame.com:8088/webApi/payment.do,å‚¨è“„å¡æ”¯ä»˜,1.10E+20,20000å…ƒå®
171,1.40315E+18,ä¸‰å›½åˆä¼™äºº,8099d95af4d25e7dad6c938b6b232b23,50å…ƒå®,1.10032E+20,240636702,h1,1032974,0.05,2014-3-15 8:14,2014-3-15 8:14,,http://wapi.ldsg.lodogame.com:8088/webApi/payment.do,æ‰‹æœºæ”¯ä»˜å®,1.10E+20,50å…ƒå®
172,1.40315E+18,ä¸‰å›½åˆä¼™äºº,8099d95af4d25e7dad6c938b6b232b23,50å…ƒå®,1.10032E+20,240636702,h1,1032974,0.05,2014-3-15 8:15,2014-3-15 8:15,,http://wapi.ldsg.lodogame.com:8088/webApi/payment.do,æ‰‹æœºæ”¯ä»˜å®,1.10E+20,50å…ƒå®
173,1.40315E+18,ä¸‰å›½åˆä¼™äºº,8099d95af4d25e7dad6c938b6b232b23,50å…ƒå®,1.10032E+20,310996355,h9,9000494,0.05,2014-3-15 8:16,2014-3-15 8:17,,http://wapi.ldsg.lodogame.com:8088/webApi/payment.do,æ‰‹æœºæ”¯ä»˜å®,1.10E+20,50å…ƒå®
174,1.40315E+18,ä¸‰å›½åˆä¼™äºº,8099d95af4d25e7dad6c938b6b232b23,5000å…ƒå®,1.10032E+20,742230520,h17,17010774,5,2014-3-15 8:16,2014-3-15 8:17,,http://wapi.ldsg.lodogame.com:8088/webApi/payment.do,ä¿¡ç”¨å¡,1.10E+20,5000å…ƒå®
175,1.40315E+18,ä¸‰å›½åˆä¼™äºº,8099d95af4d25e7dad6c938b6b232b23,100å…ƒå®,1.10032E+20,106192965,h25,25018753,0.1,2014-3-15 8:17,2014-3-15 8:17,,http://wapi.ldsg.lodogame.com:8088/webApi/payment.do,æ‰‹æœºæ”¯ä»˜å®,1.10E+20,100å…ƒå®
176,1.40315E+18,ä¸‰å›½åˆä¼™äºº,8099d95af4d25e7dad6c938b6b232b23,1000å…ƒå®,1.10032E+20,5740684,h21,21020825,1,2014-3-15 8:17,2014-3-15 8:17,,http://wapi.ldsg.lodogame.com:8088/webApi/payment.do,å‚¨è“„å¡æ”¯ä»˜,1.10E+20,1000å…ƒå®
177,1.40315E+18,ä¸‰å›½åˆä¼™äºº,8099d95af4d25e7dad6c938b6b232b23,20000å…ƒå®,1.10032E+20,320360473,h19,19001405,20,2014-3-15 8:18,2014-3-15 8:18,,http://wapi.ldsg.lodogame.com:8088/webApi/payment.do,æ‰‹æœºæ”¯ä»˜å®,1.10E+20,20000å…ƒå®
178,1.40315E+18,ä¸‰å›½åˆä¼™äºº,8099d95af4d25e7dad6c938b6b232b23,100å…ƒå®,1.10032E+20,106192965,h25,25018753,0.1,2014-3-15 8:19,2014-3-15 8:19,,http://wapi.ldsg.lodogame.com:8088/webApi/payment.do,æ‰‹æœºæ”¯ä»˜å®,1.10E+20,100å…ƒå®
179,1.40315E+18,ä¸‰å›½åˆä¼™äºº,8099d95af4d25e7dad6c938b6b232b23,100å…ƒå®,1.10032E+20,627095417,h21,21020238,0.1,2014-3-15 8:19,2014-3-15 8:19,,http://wapi.ldsg.lodogame.com:8088/webApi/payment.do,å‚¨è“„å¡æ”¯ä»˜,1.10E+20,100å…ƒå®
180,1.40315E+18,ä¸‰å›½åˆä¼™äºº,8099d95af4d25e7dad6c938b6b232b23,2000å…ƒå®,1.10032E+20,739106482,h18,18000408,2,2014-3-15 8:19,2014-3-15 8:19,,http://wapi.ldsg.lodogame.com:8088/webApi/payment.do,æ‰‹æœºæ”¯ä»˜å®,1.10E+20,2000å…ƒå®
181,1.40315E+18,ä¸‰å›½åˆä¼™äºº,8099d95af4d25e7dad6c938b6b232b23,50å…ƒå®,1.10032E+20,301462940,h25,25014283,0.05,2014-3-15 8:19,2014-3-15 8:20,,http://wapi.ldsg.lodogame.com:8088/webApi/payment.do,æ‰‹æœºæ”¯ä»˜å®,1.10E+20,50å…ƒå®
182,1.40315E+18,ä¸‰å›½åˆä¼™äºº,8099d95af4d25e7dad6c938b6b232b23,50å…ƒå®,1.10032E+20,96249865,h18,18013324,0.05,2014-3-15 8:20,2014-3-15 8:21,,http://wapi.ldsg.lodogame.com:8088/webApi/payment.do,æ‰‹æœºæ”¯ä»˜å®,1.10E+20,50å…ƒå®
183,1.40315E+18,ä¸‰å›½åˆä¼™äºº,8099d95af4d25e7dad6c938b6b232b23,1000å…ƒå®,1.10032E+20,753025922,h18,18016605,1,2014-3-15 8:20,2014-3-15 8:21,,http://wapi.ldsg.lodogame.com:8088/webApi/payment.do,éªç½‘å¡,1.10E+20,1000å…ƒå®
184,1.40315E+18,ä¸‰å›½åˆä¼™äºº,8099d95af4d25e7dad6c938b6b232b23,300å…ƒå®,1.10032E+20,279279845,h17,17012791,0.3,2014-3-15 8:22,2014-3-15 8:22,,http://wapi.ldsg.lodogame.com:8088/webApi/payment.do,æ‰‹æœºæ”¯ä»˜å®,1.10E+20,300å…ƒå®
185,1.40315E+18,ä¸‰å›½åˆä¼™äºº,8099d95af4d25e7dad6c938b6b232b23,300å…ƒå®,1.10032E+20,279279845,h17,17012791,0.3,2014-3-15 8:24,2014-3-15 8:24,,http://wapi.ldsg.lodogame.com:8088/webApi/payment.do,æ‰‹æœºæ”¯ä»˜å®,1.10E+20,300å…ƒå®
186,1.40315E+18,ä¸‰å›½åˆä¼™äºº,8099d95af4d25e7dad6c938b6b232b23,200å…ƒå®,1.10032E+20,400560559,h11,11002747,0.2,2014-3-15 8:24,2014-3-15 8:24,,http://wapi.ldsg.lodogame.com:8088/webApi/payment.do,æ‰‹æœºæ”¯ä»˜å®,1.10E+20,200å…ƒå®
187,1.40315E+18,ä¸‰å›½åˆä¼™äºº,8099d95af4d25e7dad6c938b6b232b23,50å…ƒå®,1.10032E+20,599606451,h16,16000939,0.05,2014-3-15 8:25,2014-3-15 8:25,,http://wapi.ldsg.lodogame.com:8088/webApi/payment.do,ä¿¡ç”¨å¡,1.10E+20,50å…ƒå®
188,1.40315E+18,ä¸‰å›½åˆä¼™äºº,8099d95af4d25e7dad6c938b6b232b23,300å…ƒå®,1.10032E+20,634506526,h25,25012028,0.3,2014-3-15 8:30,2014-3-15 8:31,,http://wapi.ldsg.lodogame.com:8088/webApi/payment.do,æ‰‹æœºæ”¯ä»˜å®,1.10E+20,300å…ƒå®
189,1.40315E+18,ä¸‰å›½åˆä¼™äºº,8099d95af4d25e7dad6c938b6b232b23,1000å…ƒå®,1.10032E+20,341742099,h16,16011124,1,2014-3-15 8:31,2014-3-15 8:31,,http://wapi.ldsg.lodogame.com:8088/webApi/payment.do,æ‰‹æœºæ”¯ä»˜å®,1.10E+20,1000å…ƒå®
190,1.40315E+18,ä¸‰å›½åˆä¼™äºº,8099d95af4d25e7dad6c938b6b232b23,100å…ƒå®,1.10032E+20,370832033,h6,6001553,0.1,2014-3-15 8:33,2014-3-15 8:33,,http://wapi.ldsg.lodogame.com:8088/webApi/payment.do,æ‰‹æœºæ”¯ä»˜å®,1.10E+20,100å…ƒå®
191,1.40315E+18,ä¸‰å›½åˆä¼™äºº,8099d95af4d25e7dad6c938b6b232b23,1000å…ƒå®,1.10032E+20,418293869,h20,20001978,1,2014-3-15 8:35,2014-3-15 8:35,,http://wapi.ldsg.lodogame.com:8088/webApi/payment.do,æ‰‹æœºæ”¯ä»˜å®,1.10E+20,1000å…ƒå®
192,1.40315E+18,ä¸‰å›½åˆä¼™äºº,8099d95af4d25e7dad6c938b6b232b23,5000å…ƒå®,1.10032E+20,465095617,h5,5017068,5,2014-3-15 8:35,2014-3-15 8:36,,http://wapi.ldsg.lodogame.com:8088/webApi/payment.do,æ‰‹æœºæ”¯ä»˜å®,1.10E+20,5000å…ƒå®
193,1.40315E+18,ä¸‰å›½åˆä¼™äºº,8099d95af4d25e7dad6c938b6b232b23,200å…ƒå®,1.10032E+20,400560559,h11,11002747,0.2,2014-3-15 8:37,2014-3-15 8:37,,http://wapi.ldsg.lodogame.com:8088/webApi/payment.do,æ‰‹æœºæ”¯ä»˜å®,1.10E+20,200å…ƒå®
194,1.40315E+18,ä¸‰å›½åˆä¼™äºº,8099d95af4d25e7dad6c938b6b232b23,50å…ƒå®,1.10032E+20,477704269,h3,3008353,0.05,2014-3-15 8:39,2014-3-15 8:40,,http://wapi.ldsg.lodogame.com:8088/webApi/payment.do,æ‰‹æœºæ”¯ä»˜å®,1.10E+20,50å…ƒå®
195,1.40315E+18,ä¸‰å›½åˆä¼™äºº,8099d95af4d25e7dad6c938b6b232b23,10000å…ƒå®,1.10032E+20,303173920,h3,3021995,10,2014-3-15 8:43,2014-3-15 8:43,,http://wapi.ldsg.lodogame.com:8088/webApi/payment.do,æ‰‹æœºæ”¯ä»˜å®,1.10E+20,10000å…ƒå®
196,1.40315E+18,ä¸‰å›½åˆä¼™äºº,8099d95af4d25e7dad6c938b6b232b23,50å…ƒå®,1.10032E+20,477704269,h3,3008353,0.05,2014-3-15 8:43,2014-3-15 8:44,,http://wapi.ldsg.lodogame.com:8088/webApi/payment.do,æ‰‹æœºæ”¯ä»˜å®,1.10E+20,50å…ƒå®
197,1.40315E+18,ä¸‰å›½åˆä¼™äºº,8099d95af4d25e7dad6c938b6b232b23,500å…ƒå®,1.10032E+20,147192793,h25,25008350,0.5,2014-3-15 8:44,2014-3-15 8:44,,http://wapi.ldsg.lodogame.com:8088/webApi/payment.do,ä¿¡ç”¨å¡,1.10E+20,500å…ƒå®
198,1.40315E+18,ä¸‰å›½åˆä¼™äºº,8099d95af4d25e7dad6c938b6b232b23,1000å…ƒå®,1.10032E+20,147192793,h25,25008350,1,2014-3-15 8:46,2014-3-15 8:46,,http://wapi.ldsg.lodogame.com:8088/webApi/payment.do,ä¿¡ç”¨å¡,1.10E+20,1000å…ƒå®
199,1.40315E+18,ä¸‰å›½åˆä¼™äºº,8099d95af4d25e7dad6c938b6b232b23,50å…ƒå®,1.10032E+20,303173920,h3,3021995,0.05,2014-3-15 8:47,2014-3-15 8:47,,http://wapi.ldsg.lodogame.com:8088/webApi/payment.do,æ‰‹æœºæ”¯ä»˜å®,1.10E+20,50å…ƒå®
200,1.40315E+18,ä¸‰å›½åˆä¼™äºº,8099d95af4d25e7dad6c938b6b232b23,50å…ƒå®,1.10032E+20,162154124,h18,18000830,0.05,2014-3-15 8:48,2014-3-15 8:49,,http://wapi.ldsg.lodogame.com:8088/webApi/payment.do,æ‰‹æœºæ”¯ä»˜å®,1.10E+20,50å…ƒå®
201,1.40315E+18,ä¸‰å›½åˆä¼™äºº,8099d95af4d25e7dad6c938b6b232b23,20000å…ƒå®,1.10032E+20,297977927,h7,7001581,20,2014-3-15 8:49,2014-3-15 8:49,,http://wapi.ldsg.lodogame.com:8088/webApi/payment.do,æ‰‹æœºæ”¯ä»˜å®,1.10E+20,20000å…ƒå®
202,1.40315E+18,ä¸‰å›½åˆä¼™äºº,8099d95af4d25e7dad6c938b6b232b23,20000å…ƒå®,1.10032E+20,753025922,h18,18016605,20,2014-3-15 8:49,2014-3-15 8:50,,http://wapi.ldsg.lodogame.com:8088/webApi/payment.do,360å¸,1.10E+20,20000å…ƒå®
203,1.40315E+18,ä¸‰å›½åˆä¼™äºº,8099d95af4d25e7dad6c938b6b232b23,2000å…ƒå®,1.10032E+20,310996355,h9,9000494,2,2014-3-15 8:52,2014-3-15 8:53,,http://wapi.ldsg.lodogame.com:8088/webApi/payment.do,æ‰‹æœºæ”¯ä»˜å®,1.10E+20,2000å…ƒå®
204,1.40315E+18,ä¸‰å›½åˆä¼™äºº,8099d95af4d25e7dad6c938b6b232b23,100å…ƒå®,1.10032E+20,624243070,h2,2156110,0.1,2014-3-15 8:52,2014-3-15 8:53,,http://wapi.ldsg.lodogame.com:8088/webApi/payment.do,å‚¨è“„å¡æ”¯ä»˜,1.10E+20,100å…ƒå®
205,1.40315E+18,ä¸‰å›½åˆä¼™äºº,8099d95af4d25e7dad6c938b6b232b23,10000å…ƒå®,1.10032E+20,367854863,h18,18024647,10,2014-3-15 8:53,2014-3-15 8:54,,http://wapi.ldsg.lodogame.com:8088/webApi/payment.do,é“¶è”æ”¯ä»˜,1.10E+20,10000å…ƒå®
206,1.40315E+18,ä¸‰å›½åˆä¼™äºº,8099d95af4d25e7dad6c938b6b232b23,5000å…ƒå®,1.10032E+20,319599731,h12,12015888,5,2014-3-15 8:54,2014-3-15 8:59,,http://wapi.ldsg.lodogame.com:8088/webApi/payment.do,æ‰‹æœºæ”¯ä»˜å®,1.10E+20,5000å…ƒå®
207,1.40315E+18,ä¸‰å›½åˆä¼™äºº,8099d95af4d25e7dad6c938b6b232b23,10000å…ƒå®,1.10032E+20,624243070,h2,2156110,10,2014-3-15 8:55,2014-3-15 8:55,,http://wapi.ldsg.lodogame.com:8088/webApi/payment.do,å‚¨è“„å¡æ”¯ä»˜,1.10E+20,10000å…ƒå®
208,1.40315E+18,ä¸‰å›½åˆä¼™äºº,8099d95af4d25e7dad6c938b6b232b23,500å…ƒå®,1.10032E+20,362355021,h8,8017082,0.5,2014-3-15 8:57,2014-3-15 8:58,,http://wapi.ldsg.lodogame.com:8088/webApi/payment.do,å‚¨è“„å¡æ”¯ä»˜,1.10E+20,500å…ƒå®
209,1.40315E+18,ä¸‰å›½åˆä¼™äºº,8099d95af4d25e7dad6c938b6b232b23,2000å…ƒå®,1.10032E+20,362355021,h8,8017082,2,2014-3-15 8:59,2014-3-15 8:59,,http://wapi.ldsg.lodogame.com:8088/webApi/payment.do,å‚¨è“„å¡æ”¯ä»˜,1.10E+20,2000å…ƒå®
210,1.40315E+18,ä¸‰å›½åˆä¼™äºº,8099d95af4d25e7dad6c938b6b232b23,300å…ƒå®,1.10032E+20,609185502,h16,16000540,0.3,2014-3-15 8:59,2014-3-15 8:59,,http://wapi.ldsg.lodogame.com:8088/webApi/payment.do,æ‰‹æœºæ”¯ä»˜å®,1.10E+20,300å…ƒå®
211,1.40315E+18,ä¸‰å›½åˆä¼™äºº,8099d95af4d25e7dad6c938b6b232b23,50å…ƒå®,1.10032E+20,342840609,h5,5000633,0.05,2014-3-15 8:59,2014-3-15 8:59,,http://wapi.ldsg.lodogame.com:8088/webApi/payment.do,ä¿¡ç”¨å¡,1.10E+20,50å…ƒå®
212,1.40315E+18,ä¸‰å›½åˆä¼™äºº,8099d95af4d25e7dad6c938b6b232b23,5000å…ƒå®,1.10032E+20,319599731,h12,12015888,5,2014-3-15 9:00,2014-3-15 9:01,,http://wapi.ldsg.lodogame.com:8088/webApi/payment.do,æ‰‹æœºæ”¯ä»˜å®,1.10E+20,5000å…ƒå®
213,1.40315E+18,ä¸‰å›½åˆä¼™äºº,8099d95af4d25e7dad6c938b6b232b23,200å…ƒå®,1.10032E+20,144757086,h11,11001263,0.2,2014-3-15 9:01,2014-3-15 9:02,,http://wapi.ldsg.lodogame.com:8088/webApi/payment.do,æ‰‹æœºæ”¯ä»˜å®,1.10E+20,200å…ƒå®
214,1.40315E+18,ä¸‰å›½åˆä¼™äºº,8099d95af4d25e7dad6c938b6b232b23,1000å…ƒå®,1.10032E+20,144757086,h11,11001263,1,2014-3-15 9:04,2014-3-15 9:04,,http://wapi.ldsg.lodogame.com:8088/webApi/payment.do,æ‰‹æœºæ”¯ä»˜å®,1.10E+20,1000å…ƒå®
215,1.40315E+18,ä¸‰å›½åˆä¼™äºº,8099d95af4d25e7dad6c938b6b232b23,20000å…ƒå®,1.10032E+20,749985506,h18,18004353,20,2014-3-15 9:04,2014-3-15 9:04,,http://wapi.ldsg.lodogame.com:8088/webApi/payment.do,æ‰‹æœºæ”¯ä»˜å®,1.10E+20,20000å…ƒå®
216,1.40315E+18,ä¸‰å›½åˆä¼™äºº,8099d95af4d25e7dad6c938b6b232b23,2000å…ƒå®,1.10032E+20,592195372,h17,17011984,2,2014-3-15 9:06,2014-3-15 9:07,,http://wapi.ldsg.lodogame.com:8088/webApi/payment.do,æ‰‹æœºæ”¯ä»˜å®,1.10E+20,2000å…ƒå®
217,1.40315E+18,ä¸‰å›½åˆä¼™äºº,8099d95af4d25e7dad6c938b6b232b23,20000å…ƒå®,1.10032E+20,362355021,h8,8017082,20,2014-3-15 9:06,2014-3-15 9:07,,http://wapi.ldsg.lodogame.com:8088/webApi/payment.do,å‚¨è“„å¡æ”¯ä»˜,1.10E+20,20000å…ƒå®
218,1.40315E+18,ä¸‰å›½åˆä¼™äºº,8099d95af4d25e7dad6c938b6b232b23,20000å…ƒå®,1.10032E+20,592195372,h17,17011984,20,2014-3-15 9:07,2014-3-15 9:07,,http://wapi.ldsg.lodogame.com:8088/webApi/payment.do,æ‰‹æœºæ”¯ä»˜å®,1.10E+20,20000å…ƒå®
219,1.40315E+18,ä¸‰å›½åˆä¼™äºº,8099d95af4d25e7dad6c938b6b232b23,50å…ƒå®,1.10032E+20,268101574,h22,22013896,0.05,2014-3-15 9:09,2014-3-15 9:09,,http://wapi.ldsg.lodogame.com:8088/webApi/payment.do,æ‰‹æœºæ”¯ä»˜å®,1.10E+20,50å…ƒå®
220,1.40315E+18,ä¸‰å›½åˆä¼™äºº,8099d95af4d25e7dad6c938b6b232b23,5000å…ƒå®,1.10032E+20,609185502,h16,16000540,5,2014-3-15 9:09,2014-3-15 9:09,,http://wapi.ldsg.lodogame.com:8088/webApi/payment.do,æ‰‹æœºæ”¯ä»˜å®,1.10E+20,5000å…ƒå®
221,1.40315E+18,ä¸‰å›½åˆä¼™äºº,8099d95af4d25e7dad6c938b6b232b23,5000å…ƒå®,1.10032E+20,400560559,h11,11002747,5,2014-3-15 9:09,2014-3-15 9:09,,http://wapi.ldsg.lodogame.com:8088/webApi/payment.do,æ‰‹æœºæ”¯ä»˜å®,1.10E+20,5000å…ƒå®
222,1.40315E+18,ä¸‰å›½åˆä¼™äºº,8099d95af4d25e7dad6c938b6b232b23,50å…ƒå®,1.10032E+20,749985506,h18,18004353,0.05,2014-3-15 9:10,2014-3-15 9:11,,http://wapi.ldsg.lodogame.com:8088/webApi/payment.do,æ‰‹æœºæ”¯ä»˜å®,1.10E+20,50å…ƒå®
223,1.40315E+18,ä¸‰å›½åˆä¼™äºº,8099d95af4d25e7dad6c938b6b232b23,2000å…ƒå®,1.10032E+20,592195372,h17,17011984,2,2014-3-15 9:10,2014-3-15 9:10,,http://wapi.ldsg.lodogame.com:8088/webApi/payment.do,æ‰‹æœºæ”¯ä»˜å®,1.10E+20,2000å…ƒå®
224,1.40315E+18,ä¸‰å›½åˆä¼™äºº,8099d95af4d25e7dad6c938b6b232b23,1000å…ƒå®,1.10032E+20,633784092,h24,24012027,1,2014-3-15 9:10,2014-3-15 9:10,,http://wapi.ldsg.lodogame.com:8088/webApi/payment.do,ä¿¡ç”¨å¡,1.10E+20,1000å…ƒå®
225,1.40315E+18,ä¸‰å›½åˆä¼™äºº,8099d95af4d25e7dad6c938b6b232b23,20000å…ƒå®,1.10032E+20,441536870,h11,11015735,20,2014-3-15 9:10,2014-3-15 9:11,,http://wapi.ldsg.lodogame.com:8088/webApi/payment.do,è”é€šå……å€¼å¡,1.10E+20,20000å…ƒå®
226,1.40315E+18,ä¸‰å›½åˆä¼™äºº,8099d95af4d25e7dad6c938b6b232b23,1000å…ƒå®,1.10032E+20,276110958,h2,2152660,1,2014-3-15 9:13,2014-3-15 9:14,,http://wapi.ldsg.lodogame.com:8088/webApi/payment.do,å‚¨è“„å¡æ”¯ä»˜,1.10E+20,1000å…ƒå®
227,1.40315E+18,ä¸‰å›½åˆä¼™äºº,8099d95af4d25e7dad6c938b6b232b23,1000å…ƒå®,1.10032E+20,268101574,h22,22013896,1,2014-3-15 9:14,2014-3-15 9:14,,http://wapi.ldsg.lodogame.com:8088/webApi/payment.do,æ‰‹æœºæ”¯ä»˜å®,1.10E+20,1000å…ƒå®
228,1.40315E+18,ä¸‰å›½åˆä¼™äºº,8099d95af4d25e7dad6c938b6b232b23,50å…ƒå®,1.10032E+20,276110958,h2,2152660,0.05,2014-3-15 9:16,2014-3-15 9:16,,http://wapi.ldsg.lodogame.com:8088/webApi/payment.do,å‚¨è“„å¡æ”¯ä»˜,1.10E+20,50å…ƒå®
229,1.40315E+18,ä¸‰å›½åˆä¼™äºº,8099d95af4d25e7dad6c938b6b232b23,50å…ƒå®,1.10032E+20,637681880,h19,19001112,0.05,2014-3-15 9:18,2014-3-15 9:19,,http://wapi.ldsg.lodogame.com:8088/webApi/payment.do,æ‰‹æœºæ”¯ä»˜å®,1.10E+20,50å…ƒå®
230,1.40315E+18,ä¸‰å›½åˆä¼™äºº,8099d95af4d25e7dad6c938b6b232b23,20000å…ƒå®,1.10032E+20,441536870,h11,11015735,20,2014-3-15 9:18,2014-3-15 9:20,,http://wapi.ldsg.lodogame.com:8088/webApi/payment.do,è”é€šå……å€¼å¡,1.10E+20,20000å…ƒå®
231,1.40315E+18,ä¸‰å›½åˆä¼™äºº,8099d95af4d25e7dad6c938b6b232b23,50å…ƒå®,1.10032E+20,289747774,h6,6002034,0.05,2014-3-15 9:19,2014-3-15 9:19,,http://wapi.ldsg.lodogame.com:8088/webApi/payment.do,å‚¨è“„å¡æ”¯ä»˜,1.10E+20,50å…ƒå®
232,1.40315E+18,ä¸‰å›½åˆä¼™äºº,8099d95af4d25e7dad6c938b6b232b23,500å…ƒå®,1.10032E+20,633784092,h24,24012027,0.5,2014-3-15 9:19,2014-3-15 9:19,,http://wapi.ldsg.lodogame.com:8088/webApi/payment.do,ä¿¡ç”¨å¡,1.10E+20,500å…ƒå®
233,1.40315E+18,ä¸‰å›½åˆä¼™äºº,8099d95af4d25e7dad6c938b6b232b23,200å…ƒå®,1.10032E+20,561323750,h7,7001109,0.2,2014-3-15 9:19,2014-3-15 9:20,,http://wapi.ldsg.lodogame.com:8088/webApi/payment.do,æ‰‹æœºæ”¯ä»˜å®,1.10E+20,200å…ƒå®
234,1.40315E+18,ä¸‰å›½åˆä¼™äºº,8099d95af4d25e7dad6c938b6b232b23,100å…ƒå®,1.10032E+20,194462169,h4,4023026,0.1,2014-3-15 9:19,2014-3-15 9:20,,http://wapi.ldsg.lodogame.com:8088/webApi/payment.do,æ‰‹æœºæ”¯ä»˜å®,1.10E+20,100å…ƒå®
235,1.40315E+18,ä¸‰å›½åˆä¼™äºº,8099d95af4d25e7dad6c938b6b232b23,50å…ƒå®,1.10032E+20,745855225,h18,18011160,0.05,2014-3-15 9:21,2014-3-15 9:21,,http://wapi.ldsg.lodogame.com:8088/webApi/payment.do,å‚¨è“„å¡æ”¯ä»˜,1.10E+20,50å…ƒå®
236,1.40315E+18,ä¸‰å›½åˆä¼™äºº,8099d95af4d25e7dad6c938b6b232b23,500å…ƒå®,1.10032E+20,307925839,h16,16011023,0.5,2014-3-15 9:22,2014-3-15 9:22,,http://wapi.ldsg.lodogame.com:8088/webApi/payment.do,æ‰‹æœºæ”¯ä»˜å®,1.10E+20,500å…ƒå®
237,1.40315E+18,ä¸‰å›½åˆä¼™äºº,8099d95af4d25e7dad6c938b6b232b23,300å…ƒå®,1.10032E+20,631221080,h13,13024313,0.3,2014-3-15 9:22,2014-3-15 9:22,,http://wapi.ldsg.lodogame.com:8088/webApi/payment.do,æ‰‹æœºæ”¯ä»˜å®,1.10E+20,300å…ƒå®
238,1.40315E+18,ä¸‰å›½åˆä¼™äºº,8099d95af4d25e7dad6c938b6b232b23,100å…ƒå®,1.10032E+20,604280794,h15,15018076,0.1,2014-3-15 9:23,2014-3-15 9:23,,http://wapi.ldsg.lodogame.com:8088/webApi/payment.do,æ‰‹æœºæ”¯ä»˜å®,1.10E+20,100å…ƒå®
239,1.40315E+18,ä¸‰å›½åˆä¼™äºº,8099d95af4d25e7dad6c938b6b232b23,2000å…ƒå®,1.10032E+20,561323750,h7,7001109,2,2014-3-15 9:23,2014-3-15 9:23,,http://wapi.ldsg.lodogame.com:8088/webApi/payment.do,æ‰‹æœºæ”¯ä»˜å®,1.10E+20,2000å…ƒå®
240,1.40315E+18,ä¸‰å›½åˆä¼™äºº,8099d95af4d25e7dad6c938b6b232b23,20000å…ƒå®,1.10032E+20,745855225,h18,18011160,20,2014-3-15 9:23,2014-3-15 9:24,,http://wapi.ldsg.lodogame.com:8088/webApi/payment.do,å‚¨è“„å¡æ”¯ä»˜,1.10E+20,20000å…ƒå®
241,1.40315E+18,ä¸‰å›½åˆä¼™äºº,8099d95af4d25e7dad6c938b6b232b23,20000å…ƒå®,1.10032E+20,468839589,h9,9005416,20,2014-3-15 9:24,2014-3-15 9:24,,http://wapi.ldsg.lodogame.com:8088/webApi/payment.do,ä¿¡ç”¨å¡,1.10E+20,20000å…ƒå®
242,1.40315E+18,ä¸‰å›½åˆä¼™äºº,8099d95af4d25e7dad6c938b6b232b23,50å…ƒå®,1.10032E+20,23537972,h17,17022015,0.05,2014-3-15 9:25,2014-3-15 9:29,,http://wapi.ldsg.lodogame.com:8088/webApi/payment.do,æ‰‹æœºæ”¯ä»˜å®,1.10E+20,50å…ƒå®
243,1.40315E+18,ä¸‰å›½åˆä¼™äºº,8099d95af4d25e7dad6c938b6b232b23,50å…ƒå®,1.10032E+20,633784092,h24,24012027,0.05,2014-3-15 9:27,2014-3-15 9:27,,http://wapi.ldsg.lodogame.com:8088/webApi/payment.do,ä¿¡ç”¨å¡,1.10E+20,50å…ƒå®
244,1.40315E+18,ä¸‰å›½åˆä¼™äºº,8099d95af4d25e7dad6c938b6b232b23,50å…ƒå®,1.10032E+20,620043191,h17,17000530,0.05,2014-3-15 9:28,2014-3-15 9:28,,http://wapi.ldsg.lodogame.com:8088/webApi/payment.do,å‚¨è“„å¡æ”¯ä»˜,1.10E+20,50å…ƒå®
245,1.40315E+18,ä¸‰å›½åˆä¼™äºº,8099d95af4d25e7dad6c938b6b232b23,50å…ƒå®,1.10032E+20,289747774,h6,6002034,0.05,2014-3-15 9:29,2014-3-15 9:30,,http://wapi.ldsg.lodogame.com:8088/webApi/payment.do,å‚¨è“„å¡æ”¯ä»˜,1.10E+20,50å…ƒå®
246,1.40315E+18,ä¸‰å›½åˆä¼™äºº,8099d95af4d25e7dad6c938b6b232b23,500å…ƒå®,1.10032E+20,23537972,h17,17022015,0.5,2014-3-15 9:29,2014-3-15 9:30,,http://wapi.ldsg.lodogame.com:8088/webApi/payment.do,æ‰‹æœºæ”¯ä»˜å®,1.10E+20,500å…ƒå®
247,1.40315E+18,ä¸‰å›½åˆä¼™äºº,8099d95af4d25e7dad6c938b6b232b23,100å…ƒå®,1.10032E+20,604280794,h15,15018076,0.1,2014-3-15 9:30,2014-3-15 9:30,,http://wapi.ldsg.lodogame.com:8088/webApi/payment.do,æ‰‹æœºæ”¯ä»˜å®,1.10E+20,100å…ƒå®
248,1.40315E+18,ä¸‰å›½åˆä¼™äºº,8099d95af4d25e7dad6c938b6b232b23,50å…ƒå®,1.10032E+20,414322269,h2,2095780,0.05,2014-3-15 9:30,2014-3-15 9:30,,http://wapi.ldsg.lodogame.com:8088/webApi/payment.do,æ‰‹æœºæ”¯ä»˜å®,1.10E+20,50å…ƒå®
249,1.40315E+18,ä¸‰å›½åˆä¼™äºº,8099d95af4d25e7dad6c938b6b232b23,200å…ƒå®,1.10032E+20,732151419,h25,25010711,0.2,2014-3-15 9:30,2014-3-15 9:31,,http://wapi.ldsg.lodogame.com:8088/webApi/payment.do,å‚¨è“„å¡æ”¯ä»˜,1.10E+20,200å…ƒå®
250,1.40315E+18,ä¸‰å›½åˆä¼™äºº,8099d95af4d25e7dad6c938b6b232b23,50å…ƒå®,1.10032E+20,414322269,h2,2095780,0.05,2014-3-15 9:31,2014-3-15 9:32,,http://wapi.ldsg.lodogame.com:8088/webApi/payment.do,æ‰‹æœºæ”¯ä»˜å®,1.10E+20,50å…ƒå®
251,1.40315E+18,ä¸‰å›½åˆä¼™äºº,8099d95af4d25e7dad6c938b6b232b23,50å…ƒå®,1.10032E+20,23537972,h17,17022015,0.05,2014-3-15 9:32,2014-3-15 9:33,,http://wapi.ldsg.lodogame.com:8088/webApi/payment.do,æ‰‹æœºæ”¯ä»˜å®,1.10E+20,50å…ƒå®
252,1.40315E+18,ä¸‰å›½åˆä¼™äºº,8099d95af4d25e7dad6c938b6b232b23,50å…ƒå®,1.10032E+20,561323750,h7,7001109,0.05,2014-3-15 9:32,2014-3-15 9:33,,http://wapi.ldsg.lodogame.com:8088/webApi/payment.do,æ‰‹æœºæ”¯ä»˜å®,1.10E+20,50å…ƒå®
253,1.40315E+18,ä¸‰å›½åˆä¼™äºº,8099d95af4d25e7dad6c938b6b232b23,20000å…ƒå®,1.10032E+20,743948080,h17,17022201,20,2014-3-15 9:37,2014-3-15 9:38,,http://wapi.ldsg.lodogame.com:8088/webApi/payment.do,é“¶è”æ”¯ä»˜,1.10E+20,20000å…ƒå®
254,1.40315E+18,ä¸‰å›½åˆä¼™äºº,8099d95af4d25e7dad6c938b6b232b23,20000å…ƒå®,1.10032E+20,743948080,h17,17022201,20,2014-3-15 9:38,2014-3-15 9:40,,http://wapi.ldsg.lodogame.com:8088/webApi/payment.do,é“¶è”æ”¯ä»˜,1.10E+20,20000å…ƒå®
255,1.40315E+18,ä¸‰å›½åˆä¼™äºº,8099d95af4d25e7dad6c938b6b232b23,200å…ƒå®,1.10032E+20,194462169,h4,4023026,0.2,2014-3-15 9:38,2014-3-15 9:39,,http://wapi.ldsg.lodogame.com:8088/webApi/payment.do,æ‰‹æœºæ”¯ä»˜å®,1.10E+20,200å…ƒå®
256,1.40315E+18,ä¸‰å›½åˆä¼™äºº,8099d95af4d25e7dad6c938b6b232b23,5000å…ƒå®,1.10032E+20,414845180,h18,18024920,5,2014-3-15 9:39,2014-3-15 9:40,,http://wapi.ldsg.lodogame.com:8088/webApi/payment.do,å‚¨è“„å¡æ”¯ä»˜,1.10E+20,5000å…ƒå®
257,1.40315E+18,ä¸‰å›½åˆä¼™äºº,8099d95af4d25e7dad6c938b6b232b23,50å…ƒå®,1.10032E+20,624557027,h17,17009533,0.05,2014-3-15 9:41,2014-3-15 9:42,,http://wapi.ldsg.lodogame.com:8088/webApi/payment.do,æ‰‹æœºæ”¯ä»˜å®,1.10E+20,50å…ƒå®
258,1.40315E+18,ä¸‰å›½åˆä¼™äºº,8099d95af4d25e7dad6c938b6b232b23,50å…ƒå®,1.10032E+20,394448961,h5,5037219,0.05,2014-3-15 9:43,2014-3-15 9:43,,http://wapi.ldsg.lodogame.com:8088/webApi/payment.do,æ‰‹æœºæ”¯ä»˜å®,1.10E+20,50å…ƒå®
259,1.40315E+18,ä¸‰å›½åˆä¼™äºº,8099d95af4d25e7dad6c938b6b232b23,50å…ƒå®,1.10032E+20,253782695,h5,5032199,0.05,2014-3-15 9:43,2014-3-15 9:44,,http://wapi.ldsg.lodogame.com:8088/webApi/payment.do,å‚¨è“„å¡æ”¯ä»˜,1.10E+20,50å…ƒå®
260,1.40315E+18,ä¸‰å›½åˆä¼™äºº,8099d95af4d25e7dad6c938b6b232b23,5000å…ƒå®,1.10032E+20,394448961,h5,5037219,5,2014-3-15 9:44,2014-3-15 9:44,,http://wapi.ldsg.lodogame.com:8088/webApi/payment.do,æ‰‹æœºæ”¯ä»˜å®,1.10E+20,5000å…ƒå®
261,1.40315E+18,ä¸‰å›½åˆä¼™äºº,8099d95af4d25e7dad6c938b6b232b23,1000å…ƒå®,1.10032E+20,475472581,h3,3002983,1,2014-3-15 9:44,2014-3-15 9:44,,http://wapi.ldsg.lodogame.com:8088/webApi/payment.do,ä¿¡ç”¨å¡,1.10E+20,1000å…ƒå®
262,1.40315E+18,ä¸‰å›½åˆä¼™äºº,8099d95af4d25e7dad6c938b6b232b23,5000å…ƒå®,1.10032E+20,394448961,h5,5037219,5,2014-3-15 9:45,2014-3-15 9:45,,http://wapi.ldsg.lodogame.com:8088/webApi/payment.do,æ‰‹æœºæ”¯ä»˜å®,1.10E+20,5000å…ƒå®
263,1.40315E+18,ä¸‰å›½åˆä¼™äºº,8099d95af4d25e7dad6c938b6b232b23,20000å…ƒå®,1.10032E+20,400560559,h11,11002747,20,2014-3-15 9:45,2014-3-15 9:46,,http://wapi.ldsg.lodogame.com:8088/webApi/payment.do,æ‰‹æœºæ”¯ä»˜å®,1.10E+20,20000å…ƒå®
