条目,订单ID,应用名称,应用Key,产品名称,产品ID,用户id,服务器ID,游戏ID,支付金额(元),创建时间,支付时间,通知时间,回调地址,支付渠道,应用订单号,应用扩展字段
1,1.40315E+18,三国合伙人,8099d95af4d25e7dad6c938b6b232b23,100元宝,1.10032E+20,140899577,,,10,2014-3-15 0:07,2014-3-15 0:08,2014-3-15 0:08,http://wapi.ldsg.lodogame.com:8088/webApi/qhPayment.do,手机支付宝,1.10E+20,100元宝
2,1.40315E+18,三国合伙人,8099d95af4d25e7dad6c938b6b232b23,50元宝,1.10032E+20,281801482,,,0.05,2014-3-15 6:08,2014-3-15 6:09,,http://wapi.ldsg.lodogame.com:8088/webApi/payment.do,手机支付宝,1.10E+20,50元宝
3,1.40315E+18,三国合伙人,8099d95af4d25e7dad6c938b6b232b23,50元宝,1.10032E+20,290751511,,,0.05,2014-3-15 6:12,2014-3-15 6:12,,http://wapi.ldsg.lodogame.com:8088/webApi/payment.do,手机支付宝,1.10E+20,50元宝
4,1.40315E+18,三国合伙人,8099d95af4d25e7dad6c938b6b232b23,300元宝,1.10032E+20,635098803,,,0.3,2014-3-15 6:13,2014-3-15 6:15,,http://wapi.ldsg.lodogame.com:8088/webApi/payment.do,储蓄卡支付,1.10E+20,300元宝
5,1.40315E+18,三国合伙人,8099d95af4d25e7dad6c938b6b232b23,1000元宝,1.10032E+20,280301162,,,1,2014-3-15 6:14,2014-3-15 6:14,,http://wapi.ldsg.lodogame.com:8088/webApi/payment.do,手机支付宝,1.10E+20,1000元宝
6,1.40315E+18,三国合伙人,8099d95af4d25e7dad6c938b6b232b23,200元宝,1.10032E+20,614111750,,,0.2,2014-3-15 6:15,2014-3-15 6:15,,http://wapi.ldsg.lodogame.com:8088/webApi/payment.do,手机支付宝,1.10E+20,200元宝
7,1.40315E+18,三国合伙人,8099d95af4d25e7dad6c938b6b232b23,500元宝,1.10032E+20,289475947,,,0.5,2014-3-15 6:16,2014-3-15 6:17,,http://wapi.ldsg.lodogame.com:8088/webApi/payment.do,储蓄卡支付,1.10E+20,500元宝
8,1.40315E+18,三国合伙人,8099d95af4d25e7dad6c938b6b232b23,500元宝,1.10032E+20,290751511,,,0.5,2014-3-15 6:18,2014-3-15 6:18,,http://wapi.ldsg.lodogame.com:8088/webApi/payment.do,手机支付宝,1.10E+20,500元宝
9,1.40315E+18,三国合伙人,8099d95af4d25e7dad6c938b6b232b23,300元宝,1.10032E+20,635098803,,,0.3,2014-3-15 6:18,2014-3-15 6:19,,http://wapi.ldsg.lodogame.com:8088/webApi/payment.do,储蓄卡支付,1.10E+20,300元宝
10,1.40315E+18,三国合伙人,8099d95af4d25e7dad6c938b6b232b23,50元宝,1.10032E+20,329728943,,,0.05,2014-3-15 6:18,2014-3-15 6:19,,http://wapi.ldsg.lodogame.com:8088/webApi/payment.do,手机支付宝,1.10E+20,50元宝
11,1.40315E+18,三国合伙人,8099d95af4d25e7dad6c938b6b232b23,50元宝,1.10032E+20,102445560,,,0.05,2014-3-15 6:20,2014-3-15 6:20,,http://wapi.ldsg.lodogame.com:8088/webApi/payment.do,储蓄卡支付,1.10E+20,50元宝
12,1.40315E+18,三国合伙人,8099d95af4d25e7dad6c938b6b232b23,50元宝,1.10032E+20,284052432,,,0.05,2014-3-15 6:20,2014-3-15 6:21,,http://wapi.ldsg.lodogame.com:8088/webApi/payment.do,手机支付宝,1.10E+20,50元宝
13,1.40315E+18,三国合伙人,8099d95af4d25e7dad6c938b6b232b23,500元宝,1.10032E+20,95039157,,,0.5,2014-3-15 6:21,2014-3-15 6:21,,http://wapi.ldsg.lodogame.com:8088/webApi/payment.do,信用卡,1.10E+20,500元宝
14,1.40315E+18,三国合伙人,8099d95af4d25e7dad6c938b6b232b23,50元宝,1.10032E+20,284052432,,,0.05,2014-3-15 6:22,2014-3-15 6:22,,http://wapi.ldsg.lodogame.com:8088/webApi/payment.do,手机支付宝,1.10E+20,50元宝
15,1.40315E+18,三国合伙人,8099d95af4d25e7dad6c938b6b232b23,100元宝,1.10032E+20,19800091,,,0.1,2014-3-15 6:24,2014-3-15 6:24,,http://wapi.ldsg.lodogame.com:8088/webApi/payment.do,手机支付宝,1.10E+20,100元宝
16,1.40315E+18,三国合伙人,8099d95af4d25e7dad6c938b6b232b23,100元宝,1.10032E+20,19800091,,,0.1,2014-3-15 6:25,2014-3-15 6:25,,http://wapi.ldsg.lodogame.com:8088/webApi/payment.do,手机支付宝,1.10E+20,100元宝
17,1.40315E+18,三国合伙人,8099d95af4d25e7dad6c938b6b232b23,500元宝,1.10032E+20,95039157,,,0.5,2014-3-15 6:27,2014-3-15 6:28,,http://wapi.ldsg.lodogame.com:8088/webApi/payment.do,手机支付宝,1.10E+20,500元宝
18,1.40315E+18,三国合伙人,8099d95af4d25e7dad6c938b6b232b23,20000元宝,1.10032E+20,289475947,,,20,2014-3-15 6:29,2014-3-15 6:30,,http://wapi.ldsg.lodogame.com:8088/webApi/payment.do,储蓄卡支付,1.10E+20,20000元宝
19,1.40315E+18,三国合伙人,8099d95af4d25e7dad6c938b6b232b23,50元宝,1.10032E+20,404349398,,,0.05,2014-3-15 6:30,2014-3-15 6:30,,http://wapi.ldsg.lodogame.com:8088/webApi/payment.do,信用卡,1.10E+20,50元宝
20,1.40315E+18,三国合伙人,8099d95af4d25e7dad6c938b6b232b23,50元宝,1.10032E+20,429657200,,,0.05,2014-3-15 6:31,2014-3-15 6:32,,http://wapi.ldsg.lodogame.com:8088/webApi/payment.do,手机支付宝,1.10E+20,50元宝
21,1.40315E+18,三国合伙人,8099d95af4d25e7dad6c938b6b232b23,50元宝,1.10032E+20,597846520,,,0.05,2014-3-15 6:31,2014-3-15 6:32,,http://wapi.ldsg.lodogame.com:8088/webApi/payment.do,储蓄卡支付,1.10E+20,50元宝
22,1.40315E+18,三国合伙人,8099d95af4d25e7dad6c938b6b232b23,50元宝,1.10032E+20,600228640,,,0.05,2014-3-15 6:31,2014-3-15 6:32,,http://wapi.ldsg.lodogame.com:8088/webApi/payment.do,手机支付宝,1.10E+20,50元宝
23,1.40315E+18,三国合伙人,8099d95af4d25e7dad6c938b6b232b23,20000元宝,1.10032E+20,429657200,,,20,2014-3-15 6:32,2014-3-15 6:32,,http://wapi.ldsg.lodogame.com:8088/webApi/payment.do,手机支付宝,1.10E+20,20000元宝
24,1.40315E+18,三国合伙人,8099d95af4d25e7dad6c938b6b232b23,50元宝,1.10032E+20,616998104,,,0.05,2014-3-15 6:32,2014-3-15 6:33,,http://wapi.ldsg.lodogame.com:8088/webApi/payment.do,手机支付宝,1.10E+20,50元宝
25,1.40315E+18,三国合伙人,8099d95af4d25e7dad6c938b6b232b23,20000元宝,1.10032E+20,429657200,,,20,2014-3-15 6:33,2014-3-15 6:33,,http://wapi.ldsg.lodogame.com:8088/webApi/payment.do,手机支付宝,1.10E+20,20000元宝
26,1.40315E+18,三国合伙人,8099d95af4d25e7dad6c938b6b232b23,50元宝,1.10032E+20,337109959,,,0.05,2014-3-15 6:33,2014-3-15 6:33,,http://wapi.ldsg.lodogame.com:8088/webApi/payment.do,手机支付宝,1.10E+20,50元宝
27,1.40315E+18,三国合伙人,8099d95af4d25e7dad6c938b6b232b23,50元宝,1.10032E+20,429657200,,,0.05,2014-3-15 6:35,2014-3-15 6:35,,http://wapi.ldsg.lodogame.com:8088/webApi/payment.do,手机支付宝,1.10E+20,50元宝
28,1.40315E+18,三国合伙人,8099d95af4d25e7dad6c938b6b232b23,5000元宝,1.10032E+20,599736226,,,5,2014-3-15 6:35,2014-3-15 6:35,,http://wapi.ldsg.lodogame.com:8088/webApi/payment.do,360币,1.10E+20,5000元宝
29,1.40315E+18,三国合伙人,8099d95af4d25e7dad6c938b6b232b23,50元宝,1.10032E+20,616998104,,,0.05,2014-3-15 6:37,2014-3-15 6:37,,http://wapi.ldsg.lodogame.com:8088/webApi/payment.do,手机支付宝,1.10E+20,50元宝
30,1.40315E+18,三国合伙人,8099d95af4d25e7dad6c938b6b232b23,2000元宝,1.10032E+20,456879619,,,2,2014-3-15 6:37,2014-3-15 6:37,,http://wapi.ldsg.lodogame.com:8088/webApi/payment.do,信用卡,1.10E+20,2000元宝
31,1.40315E+18,三国合伙人,8099d95af4d25e7dad6c938b6b232b23,1000元宝,1.10032E+20,201389451,,,1,2014-3-15 6:37,2014-3-15 6:37,,http://wapi.ldsg.lodogame.com:8088/webApi/payment.do,360币,1.10E+20,1000元宝
32,1.40315E+18,三国合伙人,8099d95af4d25e7dad6c938b6b232b23,5000元宝,1.10032E+20,290751511,,,5,2014-3-15 6:37,2014-3-15 6:37,,http://wapi.ldsg.lodogame.com:8088/webApi/payment.do,手机支付宝,1.10E+20,5000元宝
33,1.40315E+18,三国合伙人,8099d95af4d25e7dad6c938b6b232b23,5000元宝,1.10032E+20,599736226,,,5,2014-3-15 6:37,2014-3-15 6:38,,http://wapi.ldsg.lodogame.com:8088/webApi/payment.do,360币,1.10E+20,5000元宝
34,1.40315E+18,三国合伙人,8099d95af4d25e7dad6c938b6b232b23,100元宝,1.10032E+20,404349398,,,0.1,2014-3-15 6:37,2014-3-15 6:37,,http://wapi.ldsg.lodogame.com:8088/webApi/payment.do,信用卡,1.10E+20,100元宝
35,1.40315E+18,三国合伙人,8099d95af4d25e7dad6c938b6b232b23,20000元宝,1.10032E+20,201389451,,,20,2014-3-15 6:39,2014-3-15 6:39,,http://wapi.ldsg.lodogame.com:8088/webApi/payment.do,360币,1.10E+20,20000元宝
36,1.40315E+18,三国合伙人,8099d95af4d25e7dad6c938b6b232b23,50元宝,1.10032E+20,616998104,,,0.05,2014-3-15 6:39,2014-3-15 6:40,,http://wapi.ldsg.lodogame.com:8088/webApi/payment.do,手机支付宝,1.10E+20,50元宝
37,1.40315E+18,三国合伙人,8099d95af4d25e7dad6c938b6b232b23,300元宝,1.10032E+20,635098803,,,0.3,2014-3-15 6:41,2014-3-15 6:42,,http://wapi.ldsg.lodogame.com:8088/webApi/payment.do,储蓄卡支付,1.10E+20,300元宝
38,1.40315E+18,三国合伙人,8099d95af4d25e7dad6c938b6b232b23,50元宝,1.10032E+20,329728943,,,0.05,2014-3-15 6:41,2014-3-15 6:42,,http://wapi.ldsg.lodogame.com:8088/webApi/payment.do,手机支付宝,1.10E+20,50元宝
39,1.40315E+18,三国合伙人,8099d95af4d25e7dad6c938b6b232b23,500元宝,1.10032E+20,616998104,,,0.5,2014-3-15 6:41,2014-3-15 6:42,,http://wapi.ldsg.lodogame.com:8088/webApi/payment.do,手机支付宝,1.10E+20,500元宝
40,1.40315E+18,三国合伙人,8099d95af4d25e7dad6c938b6b232b23,300元宝,1.10032E+20,747619791,,,0.3,2014-3-15 6:41,2014-3-15 6:42,,http://wapi.ldsg.lodogame.com:8088/webApi/payment.do,手机支付宝,1.10E+20,300元宝
41,1.40315E+18,三国合伙人,8099d95af4d25e7dad6c938b6b232b23,500元宝,1.10032E+20,82706380,,,0.5,2014-3-15 6:42,2014-3-15 6:42,,http://wapi.ldsg.lodogame.com:8088/webApi/payment.do,手机支付宝,1.10E+20,500元宝
42,1.40315E+18,三国合伙人,8099d95af4d25e7dad6c938b6b232b23,20000元宝,1.10032E+20,404349398,,,20,2014-3-15 6:44,2014-3-15 6:44,,http://wapi.ldsg.lodogame.com:8088/webApi/payment.do,信用卡,1.10E+20,20000元宝
43,1.40315E+18,三国合伙人,8099d95af4d25e7dad6c938b6b232b23,20000元宝,1.10032E+20,250561938,,,20,2014-3-15 6:46,2014-3-15 6:46,,http://wapi.ldsg.lodogame.com:8088/webApi/payment.do,手机支付宝,1.10E+20,20000元宝
44,1.40315E+18,三国合伙人,8099d95af4d25e7dad6c938b6b232b23,20000元宝,1.10032E+20,404349398,,,20,2014-3-15 6:46,2014-3-15 6:46,,http://wapi.ldsg.lodogame.com:8088/webApi/payment.do,信用卡,1.10E+20,20000元宝
45,1.40315E+18,三国合伙人,8099d95af4d25e7dad6c938b6b232b23,20000元宝,1.10032E+20,250561938,,,20,2014-3-15 6:47,2014-3-15 6:47,,http://wapi.ldsg.lodogame.com:8088/webApi/payment.do,手机支付宝,1.10E+20,20000元宝
46,1.40315E+18,三国合伙人,8099d95af4d25e7dad6c938b6b232b23,5000元宝,1.10032E+20,337109959,,,5,2014-3-15 6:48,2014-3-15 6:48,,http://wapi.ldsg.lodogame.com:8088/webApi/payment.do,手机支付宝,1.10E+20,5000元宝
47,1.40315E+18,三国合伙人,8099d95af4d25e7dad6c938b6b232b23,50元宝,1.10032E+20,747619791,,,0.05,2014-3-15 6:49,2014-3-15 6:50,,http://wapi.ldsg.lodogame.com:8088/webApi/payment.do,手机支付宝,1.10E+20,50元宝
48,1.40315E+18,三国合伙人,8099d95af4d25e7dad6c938b6b232b23,5000元宝,1.10032E+20,337109959,,,5,2014-3-15 6:49,2014-3-15 6:49,,http://wapi.ldsg.lodogame.com:8088/webApi/payment.do,手机支付宝,1.10E+20,5000元宝
49,1.40315E+18,三国合伙人,8099d95af4d25e7dad6c938b6b232b23,100元宝,1.10032E+20,780959554,,,0.1,2014-3-15 6:49,2014-3-15 6:50,,http://wapi.ldsg.lodogame.com:8088/webApi/payment.do,储蓄卡支付,1.10E+20,100元宝
50,1.40315E+18,三国合伙人,8099d95af4d25e7dad6c938b6b232b23,200元宝,1.10032E+20,428035442,,,0.2,2014-3-15 6:50,2014-3-15 6:51,,http://wapi.ldsg.lodogame.com:8088/webApi/payment.do,储蓄卡支付,1.10E+20,200元宝
51,1.40315E+18,三国合伙人,8099d95af4d25e7dad6c938b6b232b23,200元宝,1.10032E+20,780959554,,,0.2,2014-3-15 6:52,2014-3-15 6:53,,http://wapi.ldsg.lodogame.com:8088/webApi/payment.do,储蓄卡支付,1.10E+20,200元宝
52,1.40315E+18,三国合伙人,8099d95af4d25e7dad6c938b6b232b23,50元宝,1.10032E+20,169996995,,,0.05,2014-3-15 6:53,2014-3-15 6:53,,http://wapi.ldsg.lodogame.com:8088/webApi/payment.do,信用卡,1.10E+20,50元宝
53,1.40315E+18,三国合伙人,8099d95af4d25e7dad6c938b6b232b23,50元宝,1.10032E+20,428035442,,,0.05,2014-3-15 6:54,2014-3-15 6:55,,http://wapi.ldsg.lodogame.com:8088/webApi/payment.do,储蓄卡支付,1.10E+20,50元宝
54,1.40315E+18,三国合伙人,8099d95af4d25e7dad6c938b6b232b23,50元宝,1.10032E+20,286680998,,,0.05,2014-3-15 6:57,2014-3-15 6:57,,http://wapi.ldsg.lodogame.com:8088/webApi/payment.do,手机支付宝,1.10E+20,50元宝
55,1.40315E+18,三国合伙人,8099d95af4d25e7dad6c938b6b232b23,500元宝,1.10032E+20,298913815,,,0.5,2014-3-15 6:58,2014-3-15 6:59,,http://wapi.ldsg.lodogame.com:8088/webApi/payment.do,储蓄卡支付,1.10E+20,500元宝
56,1.40315E+18,三国合伙人,8099d95af4d25e7dad6c938b6b232b23,1000元宝,1.10032E+20,280301162,,,1,2014-3-15 6:58,2014-3-15 6:59,,http://wapi.ldsg.lodogame.com:8088/webApi/payment.do,手机支付宝,1.10E+20,1000元宝
57,1.40315E+18,三国合伙人,8099d95af4d25e7dad6c938b6b232b23,300元宝,1.10032E+20,266405559,,,0.3,2014-3-15 6:59,2014-3-15 6:59,,http://wapi.ldsg.lodogame.com:8088/webApi/payment.do,信用卡,1.10E+20,300元宝
58,1.40315E+18,三国合伙人,8099d95af4d25e7dad6c938b6b232b23,50元宝,1.10032E+20,266405559,,,0.05,2014-3-15 7:00,2014-3-15 7:00,,http://wapi.ldsg.lodogame.com:8088/webApi/payment.do,信用卡,1.10E+20,50元宝
59,1.40315E+18,三国合伙人,8099d95af4d25e7dad6c938b6b232b23,50元宝,1.10032E+20,276409202,,,0.05,2014-3-15 7:00,2014-3-15 7:01,,http://wapi.ldsg.lodogame.com:8088/webApi/payment.do,手机支付宝,1.10E+20,50元宝
60,1.40315E+18,三国合伙人,8099d95af4d25e7dad6c938b6b232b23,2000元宝,1.10032E+20,298913815,,,2,2014-3-15 7:00,2014-3-15 7:00,,http://wapi.ldsg.lodogame.com:8088/webApi/payment.do,储蓄卡支付,1.10E+20,2000元宝
61,1.40315E+18,三国合伙人,8099d95af4d25e7dad6c938b6b232b23,5000元宝,1.10032E+20,298913815,,,5,2014-3-15 7:03,2014-3-15 7:04,,http://wapi.ldsg.lodogame.com:8088/webApi/payment.do,储蓄卡支付,1.10E+20,5000元宝
62,1.40315E+18,三国合伙人,8099d95af4d25e7dad6c938b6b232b23,20000元宝,1.10032E+20,376548049,,,20,2014-3-15 7:04,2014-3-15 7:06,,http://wapi.ldsg.lodogame.com:8088/webApi/payment.do,手机支付宝,1.10E+20,20000元宝
63,1.40315E+18,三国合伙人,8099d95af4d25e7dad6c938b6b232b23,1000元宝,1.10032E+20,330333828,,,1,2014-3-15 7:04,2014-3-15 7:05,,http://wapi.ldsg.lodogame.com:8088/webApi/payment.do,手机支付宝,1.10E+20,1000元宝
64,1.40315E+18,三国合伙人,8099d95af4d25e7dad6c938b6b232b23,10000元宝,1.10032E+20,780931853,,,10,2014-3-15 7:06,2014-3-15 7:06,,http://wapi.ldsg.lodogame.com:8088/webApi/payment.do,手机支付宝,1.10E+20,10000元宝
65,1.40315E+18,三国合伙人,8099d95af4d25e7dad6c938b6b232b23,1000元宝,1.10032E+20,428035442,,,1,2014-3-15 7:07,2014-3-15 7:07,,http://wapi.ldsg.lodogame.com:8088/webApi/payment.do,储蓄卡支付,1.10E+20,1000元宝
66,1.40315E+18,三国合伙人,8099d95af4d25e7dad6c938b6b232b23,1000元宝,1.10032E+20,641446064,,,1,2014-3-15 7:08,2014-3-15 7:08,,http://wapi.ldsg.lodogame.com:8088/webApi/payment.do,手机支付宝,1.10E+20,1000元宝
67,1.40315E+18,三国合伙人,8099d95af4d25e7dad6c938b6b232b23,50元宝,1.10032E+20,370832033,,,0.05,2014-3-15 7:09,2014-3-15 7:10,,http://wapi.ldsg.lodogame.com:8088/webApi/payment.do,手机支付宝,1.10E+20,50元宝
68,1.40315E+18,三国合伙人,8099d95af4d25e7dad6c938b6b232b23,20000元宝,1.10032E+20,330333828,,,20,2014-3-15 7:09,2014-3-15 7:10,,http://wapi.ldsg.lodogame.com:8088/webApi/payment.do,手机支付宝,1.10E+20,20000元宝
69,1.40315E+18,三国合伙人,8099d95af4d25e7dad6c938b6b232b23,2000元宝,1.10032E+20,280796826,,,2,2014-3-15 7:11,2014-3-15 7:11,,http://wapi.ldsg.lodogame.com:8088/webApi/payment.do,信用卡,1.10E+20,2000元宝
70,1.40315E+18,三国合伙人,8099d95af4d25e7dad6c938b6b232b23,50元宝,1.10032E+20,641446064,,,0.05,2014-3-15 7:11,2014-3-15 7:11,,http://wapi.ldsg.lodogame.com:8088/webApi/payment.do,手机支付宝,1.10E+20,50元宝
71,1.40315E+18,三国合伙人,8099d95af4d25e7dad6c938b6b232b23,300元宝,1.10032E+20,470897096,,,0.3,2014-3-15 7:11,2014-3-15 7:12,,http://wapi.ldsg.lodogame.com:8088/webApi/payment.do,手机支付宝,1.10E+20,300元宝
72,1.40315E+18,三国合伙人,8099d95af4d25e7dad6c938b6b232b23,1000元宝,1.10032E+20,475472581,,,1,2014-3-15 7:12,2014-3-15 7:12,,http://wapi.ldsg.lodogame.com:8088/webApi/payment.do,信用卡,1.10E+20,1000元宝
73,1.40315E+18,三国合伙人,8099d95af4d25e7dad6c938b6b232b23,1000元宝,1.10032E+20,298913815,,,1,2014-3-15 7:13,2014-3-15 7:13,,http://wapi.ldsg.lodogame.com:8088/webApi/payment.do,储蓄卡支付,1.10E+20,1000元宝
74,1.40315E+18,三国合伙人,8099d95af4d25e7dad6c938b6b232b23,1000元宝,1.10032E+20,780931853,,,1,2014-3-15 7:13,2014-3-15 7:13,,http://wapi.ldsg.lodogame.com:8088/webApi/payment.do,手机支付宝,1.10E+20,1000元宝
75,1.40315E+18,三国合伙人,8099d95af4d25e7dad6c938b6b232b23,1000元宝,1.10032E+20,475472581,,,1,2014-3-15 7:13,2014-3-15 7:13,,http://wapi.ldsg.lodogame.com:8088/webApi/payment.do,信用卡,1.10E+20,1000元宝
76,1.40315E+18,三国合伙人,8099d95af4d25e7dad6c938b6b232b23,1000元宝,1.10032E+20,310996355,,,1,2014-3-15 7:15,2014-3-15 7:16,,http://wapi.ldsg.lodogame.com:8088/webApi/payment.do,手机支付宝,1.10E+20,1000元宝
77,1.40315E+18,三国合伙人,8099d95af4d25e7dad6c938b6b232b23,2000元宝,1.10032E+20,45691745,,,2,2014-3-15 7:16,2014-3-15 7:17,,http://wapi.ldsg.lodogame.com:8088/webApi/payment.do,手机支付宝,1.10E+20,2000元宝
78,1.40315E+18,三国合伙人,8099d95af4d25e7dad6c938b6b232b23,20000元宝,1.10032E+20,367794440,,,20,2014-3-15 7:18,2014-3-15 7:18,,http://wapi.ldsg.lodogame.com:8088/webApi/payment.do,手机支付宝,1.10E+20,20000元宝
79,1.40315E+18,三国合伙人,8099d95af4d25e7dad6c938b6b232b23,1000元宝,1.10032E+20,276409202,,,1,2014-3-15 7:18,2014-3-15 7:19,,http://wapi.ldsg.lodogame.com:8088/webApi/payment.do,手机支付宝,1.10E+20,1000元宝
80,1.40315E+18,三国合伙人,8099d95af4d25e7dad6c938b6b232b23,50元宝,1.10032E+20,310996355,,,0.05,2014-3-15 7:18,2014-3-15 7:19,,http://wapi.ldsg.lodogame.com:8088/webApi/payment.do,手机支付宝,1.10E+20,50元宝
81,1.40315E+18,三国合伙人,8099d95af4d25e7dad6c938b6b232b23,1000元宝,1.10032E+20,395882514,,,1,2014-3-15 7:18,2014-3-15 7:19,,http://wapi.ldsg.lodogame.com:8088/webApi/payment.do,手机支付宝,1.10E+20,1000元宝
82,1.40315E+18,三国合伙人,8099d95af4d25e7dad6c938b6b232b23,50元宝,1.10032E+20,783215131,,,0.05,2014-3-15 7:19,2014-3-15 7:20,,http://wapi.ldsg.lodogame.com:8088/webApi/payment.do,手机支付宝,1.10E+20,50元宝
83,1.40315E+18,三国合伙人,8099d95af4d25e7dad6c938b6b232b23,20000元宝,1.10032E+20,235585734,,,20,2014-3-15 7:19,2014-3-15 7:19,,http://wapi.ldsg.lodogame.com:8088/webApi/payment.do,手机支付宝,1.10E+20,20000元宝
84,1.40315E+18,三国合伙人,8099d95af4d25e7dad6c938b6b232b23,200元宝,1.10032E+20,774051336,,,0.2,2014-3-15 7:19,2014-3-15 7:19,,http://wapi.ldsg.lodogame.com:8088/webApi/payment.do,手机支付宝,1.10E+20,200元宝
85,1.40315E+18,三国合伙人,8099d95af4d25e7dad6c938b6b232b23,50元宝,1.10032E+20,605789071,,,0.05,2014-3-15 7:20,2014-3-15 7:20,,http://wapi.ldsg.lodogame.com:8088/webApi/payment.do,手机支付宝,1.10E+20,50元宝
86,1.40315E+18,三国合伙人,8099d95af4d25e7dad6c938b6b232b23,50元宝,1.10032E+20,74922719,,,0.05,2014-3-15 7:20,2014-3-15 7:21,,http://wapi.ldsg.lodogame.com:8088/webApi/payment.do,手机支付宝,1.10E+20,50元宝
87,1.40315E+18,三国合伙人,8099d95af4d25e7dad6c938b6b232b23,50元宝,1.10032E+20,742230520,,,0.05,2014-3-15 7:20,2014-3-15 7:20,,http://wapi.ldsg.lodogame.com:8088/webApi/payment.do,信用卡,1.10E+20,50元宝
88,1.40315E+18,三国合伙人,8099d95af4d25e7dad6c938b6b232b23,200元宝,1.10032E+20,390913629,,,0.2,2014-3-15 7:21,2014-3-15 7:21,,http://wapi.ldsg.lodogame.com:8088/webApi/payment.do,手机支付宝,1.10E+20,200元宝
89,1.40315E+18,三国合伙人,8099d95af4d25e7dad6c938b6b232b23,100元宝,1.10032E+20,774051336,,,0.1,2014-3-15 7:21,2014-3-15 7:21,,http://wapi.ldsg.lodogame.com:8088/webApi/payment.do,手机支付宝,1.10E+20,100元宝
90,1.40315E+18,三国合伙人,8099d95af4d25e7dad6c938b6b232b23,50元宝,1.10032E+20,399751326,,,0.05,2014-3-15 7:21,2014-3-15 7:21,,http://wapi.ldsg.lodogame.com:8088/webApi/payment.do,信用卡,1.10E+20,50元宝
91,1.40315E+18,三国合伙人,8099d95af4d25e7dad6c938b6b232b23,50元宝,1.10032E+20,74922719,,,0.05,2014-3-15 7:22,2014-3-15 7:22,,http://wapi.ldsg.lodogame.com:8088/webApi/payment.do,手机支付宝,1.10E+20,50元宝
92,1.40315E+18,三国合伙人,8099d95af4d25e7dad6c938b6b232b23,50元宝,1.10032E+20,774051336,,,0.05,2014-3-15 7:22,2014-3-15 7:22,,http://wapi.ldsg.lodogame.com:8088/webApi/payment.do,手机支付宝,1.10E+20,50元宝
93,1.40315E+18,三国合伙人,8099d95af4d25e7dad6c938b6b232b23,50元宝,1.10032E+20,296187697,,,0.05,2014-3-15 7:22,2014-3-15 7:23,,http://wapi.ldsg.lodogame.com:8088/webApi/payment.do,手机支付宝,1.10E+20,50元宝
94,1.40315E+18,三国合伙人,8099d95af4d25e7dad6c938b6b232b23,20000元宝,1.10032E+20,605789071,,,20,2014-3-15 7:23,2014-3-15 7:23,,http://wapi.ldsg.lodogame.com:8088/webApi/payment.do,手机支付宝,1.10E+20,20000元宝
95,1.40315E+18,三国合伙人,8099d95af4d25e7dad6c938b6b232b23,50元宝,1.10032E+20,296187697,,,0.05,2014-3-15 7:23,2014-3-15 7:24,,http://wapi.ldsg.lodogame.com:8088/webApi/payment.do,手机支付宝,1.10E+20,50元宝
96,1.40315E+18,三国合伙人,8099d95af4d25e7dad6c938b6b232b23,50元宝,1.10032E+20,399751326,,,0.05,2014-3-15 7:24,2014-3-15 7:24,,http://wapi.ldsg.lodogame.com:8088/webApi/payment.do,信用卡,1.10E+20,50元宝
97,1.40315E+18,三国合伙人,8099d95af4d25e7dad6c938b6b232b23,2000元宝,1.10032E+20,317070534,,,2,2014-3-15 7:24,2014-3-15 7:24,,http://wapi.ldsg.lodogame.com:8088/webApi/payment.do,信用卡,1.10E+20,2000元宝
98,1.40315E+18,三国合伙人,8099d95af4d25e7dad6c938b6b232b23,300元宝,1.10032E+20,428933450,,,0.3,2014-3-15 7:24,2014-3-15 7:24,,http://wapi.ldsg.lodogame.com:8088/webApi/payment.do,信用卡,1.10E+20,300元宝
99,1.40315E+18,三国合伙人,8099d95af4d25e7dad6c938b6b232b23,100元宝,1.10032E+20,74922719,,,0.1,2014-3-15 7:24,2014-3-15 7:25,,http://wapi.ldsg.lodogame.com:8088/webApi/payment.do,手机支付宝,1.10E+20,100元宝
100,1.40315E+18,三国合伙人,8099d95af4d25e7dad6c938b6b232b23,1000元宝,1.10032E+20,74922719,,,1,2014-3-15 7:25,2014-3-15 7:26,,http://wapi.ldsg.lodogame.com:8088/webApi/payment.do,手机支付宝,1.10E+20,1000元宝
101,1.40315E+18,三国合伙人,8099d95af4d25e7dad6c938b6b232b23,50元宝,1.10032E+20,78324138,,,0.05,2014-3-15 7:26,2014-3-15 7:27,,http://wapi.ldsg.lodogame.com:8088/webApi/payment.do,储蓄卡支付,1.10E+20,50元宝
102,1.40315E+18,三国合伙人,8099d95af4d25e7dad6c938b6b232b23,20000元宝,1.10032E+20,74922719,,,20,2014-3-15 7:26,2014-3-15 7:26,,http://wapi.ldsg.lodogame.com:8088/webApi/payment.do,手机支付宝,1.10E+20,20000元宝
103,1.40315E+18,三国合伙人,8099d95af4d25e7dad6c938b6b232b23,20000元宝,1.10032E+20,428933450,,,20,2014-3-15 7:26,2014-3-15 7:26,,http://wapi.ldsg.lodogame.com:8088/webApi/payment.do,信用卡,1.10E+20,20000元宝
104,1.40315E+18,三国合伙人,8099d95af4d25e7dad6c938b6b232b23,2000元宝,1.10032E+20,296187697,,,2,2014-3-15 7:27,2014-3-15 7:27,,http://wapi.ldsg.lodogame.com:8088/webApi/payment.do,手机支付宝,1.10E+20,2000元宝
105,1.40315E+18,三国合伙人,8099d95af4d25e7dad6c938b6b232b23,50元宝,1.10032E+20,302123570,,,0.05,2014-3-15 7:28,2014-3-15 7:29,,http://wapi.ldsg.lodogame.com:8088/webApi/payment.do,手机支付宝,1.10E+20,50元宝
106,1.40315E+18,三国合伙人,8099d95af4d25e7dad6c938b6b232b23,500元宝,1.10032E+20,29234367,,,0.5,2014-3-15 7:29,2014-3-15 7:29,,http://wapi.ldsg.lodogame.com:8088/webApi/payment.do,信用卡,1.10E+20,500元宝
107,1.40315E+18,三国合伙人,8099d95af4d25e7dad6c938b6b232b23,50元宝,1.10032E+20,194462169,,,0.05,2014-3-15 7:30,2014-3-15 7:30,,http://wapi.ldsg.lodogame.com:8088/webApi/payment.do,手机支付宝,1.10E+20,50元宝
108,1.40315E+18,三国合伙人,8099d95af4d25e7dad6c938b6b232b23,5000元宝,1.10032E+20,317070534,,,5,2014-3-15 7:30,2014-3-15 7:31,,http://wapi.ldsg.lodogame.com:8088/webApi/payment.do,信用卡,1.10E+20,5000元宝
109,1.40315E+18,三国合伙人,8099d95af4d25e7dad6c938b6b232b23,2000元宝,1.10032E+20,78324138,,,2,2014-3-15 7:31,2014-3-15 7:31,,http://wapi.ldsg.lodogame.com:8088/webApi/payment.do,储蓄卡支付,1.10E+20,2000元宝
110,1.40315E+18,三国合伙人,8099d95af4d25e7dad6c938b6b232b23,50元宝,1.10032E+20,610058713,,,0.05,2014-3-15 7:32,2014-3-15 7:33,,http://wapi.ldsg.lodogame.com:8088/webApi/payment.do,手机支付宝,1.10E+20,50元宝
111,1.40315E+18,三国合伙人,8099d95af4d25e7dad6c938b6b232b23,50元宝,1.10032E+20,305149370,,,0.05,2014-3-15 7:33,2014-3-15 7:33,,http://wapi.ldsg.lodogame.com:8088/webApi/payment.do,手机支付宝,1.10E+20,50元宝
112,1.40315E+18,三国合伙人,8099d95af4d25e7dad6c938b6b232b23,50元宝,1.10032E+20,621899538,,,0.05,2014-3-15 7:34,2014-3-15 7:34,,http://wapi.ldsg.lodogame.com:8088/webApi/payment.do,手机支付宝,1.10E+20,50元宝
113,1.40315E+18,三国合伙人,8099d95af4d25e7dad6c938b6b232b23,50元宝,1.10032E+20,320360473,,,0.05,2014-3-15 7:34,2014-3-15 7:34,,http://wapi.ldsg.lodogame.com:8088/webApi/payment.do,手机支付宝,1.10E+20,50元宝
114,1.40315E+18,三国合伙人,8099d95af4d25e7dad6c938b6b232b23,50元宝,1.10032E+20,740644893,,,0.05,2014-3-15 7:35,2014-3-15 7:36,,http://wapi.ldsg.lodogame.com:8088/webApi/payment.do,手机支付宝,1.10E+20,50元宝
115,1.40315E+18,三国合伙人,8099d95af4d25e7dad6c938b6b232b23,50元宝,1.10032E+20,621899538,,,0.05,2014-3-15 7:36,2014-3-15 7:37,,http://wapi.ldsg.lodogame.com:8088/webApi/payment.do,手机支付宝,1.10E+20,50元宝
116,1.40315E+18,三国合伙人,8099d95af4d25e7dad6c938b6b232b23,50元宝,1.10032E+20,610058713,,,0.05,2014-3-15 7:37,2014-3-15 7:37,,http://wapi.ldsg.lodogame.com:8088/webApi/payment.do,手机支付宝,1.10E+20,50元宝
117,1.40315E+18,三国合伙人,8099d95af4d25e7dad6c938b6b232b23,10000元宝,1.10032E+20,621899538,,,10,2014-3-15 7:38,2014-3-15 7:39,,http://wapi.ldsg.lodogame.com:8088/webApi/payment.do,手机支付宝,1.10E+20,10000元宝
118,1.40315E+18,三国合伙人,8099d95af4d25e7dad6c938b6b232b23,50元宝,1.10032E+20,396028684,,,0.05,2014-3-15 7:38,2014-3-15 7:39,,http://wapi.ldsg.lodogame.com:8088/webApi/payment.do,储蓄卡支付,1.10E+20,50元宝
119,1.40315E+18,三国合伙人,8099d95af4d25e7dad6c938b6b232b23,500元宝,1.10032E+20,420999289,,,0.5,2014-3-15 7:39,2014-3-15 7:39,,http://wapi.ldsg.lodogame.com:8088/webApi/payment.do,信用卡,1.10E+20,500元宝
120,1.40315E+18,三国合伙人,8099d95af4d25e7dad6c938b6b232b23,50元宝,1.10032E+20,302123570,,,0.05,2014-3-15 7:39,2014-3-15 7:40,,http://wapi.ldsg.lodogame.com:8088/webApi/payment.do,手机支付宝,1.10E+20,50元宝
121,1.40315E+18,三国合伙人,8099d95af4d25e7dad6c938b6b232b23,20000元宝,1.10032E+20,27984041,,,20,2014-3-15 7:41,2014-3-15 7:42,,http://wapi.ldsg.lodogame.com:8088/webApi/payment.do,手机支付宝,1.10E+20,20000元宝
122,1.40315E+18,三国合伙人,8099d95af4d25e7dad6c938b6b232b23,100元宝,1.10032E+20,780959554,,,0.1,2014-3-15 7:42,2014-3-15 7:42,,http://wapi.ldsg.lodogame.com:8088/webApi/payment.do,储蓄卡支付,1.10E+20,100元宝
123,1.40315E+18,三国合伙人,8099d95af4d25e7dad6c938b6b232b23,50元宝,1.10032E+20,298913815,,,0.05,2014-3-15 7:42,2014-3-15 7:42,,http://wapi.ldsg.lodogame.com:8088/webApi/payment.do,储蓄卡支付,1.10E+20,50元宝
124,1.40315E+18,三国合伙人,8099d95af4d25e7dad6c938b6b232b23,50元宝,1.10032E+20,396028684,,,0.05,2014-3-15 7:42,2014-3-15 7:43,,http://wapi.ldsg.lodogame.com:8088/webApi/payment.do,储蓄卡支付,1.10E+20,50元宝
125,1.40315E+18,三国合伙人,8099d95af4d25e7dad6c938b6b232b23,50元宝,1.10032E+20,390913629,,,0.05,2014-3-15 7:46,2014-3-15 7:46,,http://wapi.ldsg.lodogame.com:8088/webApi/payment.do,手机支付宝,1.10E+20,50元宝
126,1.40315E+18,三国合伙人,8099d95af4d25e7dad6c938b6b232b23,20000元宝,1.10032E+20,296187697,,,20,2014-3-15 7:46,2014-3-15 7:46,,http://wapi.ldsg.lodogame.com:8088/webApi/payment.do,手机支付宝,1.10E+20,20000元宝
127,1.40315E+18,三国合伙人,8099d95af4d25e7dad6c938b6b232b23,1000元宝,1.10032E+20,106447354,,,1,2014-3-15 7:48,2014-3-15 7:48,,http://wapi.ldsg.lodogame.com:8088/webApi/payment.do,手机支付宝,1.10E+20,1000元宝
128,1.40315E+18,三国合伙人,8099d95af4d25e7dad6c938b6b232b23,20000元宝,1.10032E+20,296187697,,,20,2014-3-15 7:49,2014-3-15 7:49,,http://wapi.ldsg.lodogame.com:8088/webApi/payment.do,手机支付宝,1.10E+20,20000元宝
129,1.40315E+18,三国合伙人,8099d95af4d25e7dad6c938b6b232b23,50元宝,1.10032E+20,326541209,,,0.05,2014-3-15 7:50,2014-3-15 7:50,,http://wapi.ldsg.lodogame.com:8088/webApi/payment.do,手机支付宝,1.10E+20,50元宝
130,1.40315E+18,三国合伙人,8099d95af4d25e7dad6c938b6b232b23,20000元宝,1.10032E+20,610058713,,,20,2014-3-15 7:50,2014-3-15 7:51,,http://wapi.ldsg.lodogame.com:8088/webApi/payment.do,手机支付宝,1.10E+20,20000元宝
131,1.40315E+18,三国合伙人,8099d95af4d25e7dad6c938b6b232b23,50元宝,1.10032E+20,326541209,,,0.05,2014-3-15 7:51,2014-3-15 7:51,,http://wapi.ldsg.lodogame.com:8088/webApi/payment.do,手机支付宝,1.10E+20,50元宝
132,1.40315E+18,三国合伙人,8099d95af4d25e7dad6c938b6b232b23,10000元宝,1.10032E+20,266601568,,,10,2014-3-15 7:53,2014-3-15 7:54,,http://wapi.ldsg.lodogame.com:8088/webApi/payment.do,手机支付宝,1.10E+20,10000元宝
133,1.40315E+18,三国合伙人,8099d95af4d25e7dad6c938b6b232b23,20000元宝,1.10032E+20,777513339,,,20,2014-3-15 7:56,2014-3-15 7:57,,http://wapi.ldsg.lodogame.com:8088/webApi/payment.do,手机支付宝,1.10E+20,20000元宝
134,1.40315E+18,三国合伙人,8099d95af4d25e7dad6c938b6b232b23,1000元宝,1.10032E+20,775584232,,,1,2014-3-15 7:57,2014-3-15 7:57,,http://wapi.ldsg.lodogame.com:8088/webApi/payment.do,储蓄卡支付,1.10E+20,1000元宝
135,1.40315E+18,三国合伙人,8099d95af4d25e7dad6c938b6b232b23,50元宝,1.10032E+20,769822331,,,0.05,2014-3-15 7:57,2014-3-15 7:57,,http://wapi.ldsg.lodogame.com:8088/webApi/payment.do,手机支付宝,1.10E+20,50元宝
136,1.40315E+18,三国合伙人,8099d95af4d25e7dad6c938b6b232b23,2000元宝,1.10032E+20,612418670,,,2,2014-3-15 7:58,2014-3-15 7:58,,http://wapi.ldsg.lodogame.com:8088/webApi/payment.do,手机支付宝,1.10E+20,2000元宝
137,1.40315E+18,三国合伙人,8099d95af4d25e7dad6c938b6b232b23,50元宝,1.10032E+20,393940329,,,0.05,2014-3-15 7:58,2014-3-15 7:59,,http://wapi.ldsg.lodogame.com:8088/webApi/payment.do,手机支付宝,1.10E+20,50元宝
138,1.40315E+18,三国合伙人,8099d95af4d25e7dad6c938b6b232b23,20000元宝,1.10032E+20,775584232,,,20,2014-3-15 7:58,2014-3-15 7:59,,http://wapi.ldsg.lodogame.com:8088/webApi/payment.do,储蓄卡支付,1.10E+20,20000元宝
139,1.40315E+18,三国合伙人,8099d95af4d25e7dad6c938b6b232b23,20000元宝,1.10032E+20,775584232,,,20,2014-3-15 7:59,2014-3-15 8:00,,http://wapi.ldsg.lodogame.com:8088/webApi/payment.do,储蓄卡支付,1.10E+20,20000元宝
140,1.40315E+18,三国合伙人,8099d95af4d25e7dad6c938b6b232b23,2000元宝,1.10032E+20,335095492,,,2,2014-3-15 8:00,2014-3-15 8:00,,http://wapi.ldsg.lodogame.com:8088/webApi/payment.do,手机支付宝,1.10E+20,2000元宝
141,1.40315E+18,三国合伙人,8099d95af4d25e7dad6c938b6b232b23,20000元宝,1.10032E+20,291352827,,,20,2014-3-15 8:00,2014-3-15 8:00,,http://wapi.ldsg.lodogame.com:8088/webApi/payment.do,360币,1.10E+20,20000元宝
142,1.40315E+18,三国合伙人,8099d95af4d25e7dad6c938b6b232b23,20000元宝,1.10032E+20,584368976,,,20,2014-3-15 8:01,2014-3-15 8:03,,http://wapi.ldsg.lodogame.com:8088/webApi/payment.do,储蓄卡支付,1.10E+20,20000元宝
143,1.40315E+18,三国合伙人,8099d95af4d25e7dad6c938b6b232b23,2000元宝,1.10032E+20,769822331,,,2,2014-3-15 8:01,2014-3-15 8:01,,http://wapi.ldsg.lodogame.com:8088/webApi/payment.do,手机支付宝,1.10E+20,2000元宝
144,1.40315E+18,三国合伙人,8099d95af4d25e7dad6c938b6b232b23,50元宝,1.10032E+20,192554985,,,0.05,2014-3-15 8:01,2014-3-15 8:02,,http://wapi.ldsg.lodogame.com:8088/webApi/payment.do,手机支付宝,1.10E+20,50元宝
145,1.40315E+18,三国合伙人,8099d95af4d25e7dad6c938b6b232b23,20000元宝,1.10032E+20,775584232,,,20,2014-3-15 8:01,2014-3-15 8:02,,http://wapi.ldsg.lodogame.com:8088/webApi/payment.do,储蓄卡支付,1.10E+20,20000元宝
146,1.40315E+18,三国合伙人,8099d95af4d25e7dad6c938b6b232b23,1000元宝,1.10032E+20,377348109,,,1,2014-3-15 8:02,2014-3-15 8:04,,http://wapi.ldsg.lodogame.com:8088/webApi/payment.do,储蓄卡支付,1.10E+20,1000元宝
147,1.40315E+18,三国合伙人,8099d95af4d25e7dad6c938b6b232b23,20000元宝,1.10032E+20,291352827,,,20,2014-3-15 8:03,2014-3-15 8:03,,http://wapi.ldsg.lodogame.com:8088/webApi/payment.do,360币,1.10E+20,20000元宝
148,1.40315E+18,三国合伙人,8099d95af4d25e7dad6c938b6b232b23,20000元宝,1.10032E+20,775584232,,,20,2014-3-15 8:03,2014-3-15 8:03,,http://wapi.ldsg.lodogame.com:8088/webApi/payment.do,储蓄卡支付,1.10E+20,20000元宝
149,1.40315E+18,三国合伙人,8099d95af4d25e7dad6c938b6b232b23,50元宝,1.10032E+20,80763499,,,0.05,2014-3-15 8:04,2014-3-15 8:04,,http://wapi.ldsg.lodogame.com:8088/webApi/payment.do,信用卡,1.10E+20,50元宝
150,1.40315E+18,三国合伙人,8099d95af4d25e7dad6c938b6b232b23,10000元宝,1.10032E+20,27828750,,,10,2014-3-15 8:04,2014-3-15 8:05,,http://wapi.ldsg.lodogame.com:8088/webApi/payment.do,360币,1.10E+20,10000元宝
151,1.40315E+18,三国合伙人,8099d95af4d25e7dad6c938b6b232b23,20000元宝,1.10032E+20,584368976,,,20,2014-3-15 8:05,2014-3-15 8:05,,http://wapi.ldsg.lodogame.com:8088/webApi/payment.do,储蓄卡支付,1.10E+20,20000元宝
152,1.40315E+18,三国合伙人,8099d95af4d25e7dad6c938b6b232b23,20000元宝,1.10032E+20,775584232,,,20,2014-3-15 8:05,2014-3-15 8:05,,http://wapi.ldsg.lodogame.com:8088/webApi/payment.do,储蓄卡支付,1.10E+20,20000元宝
153,1.40315E+18,三国合伙人,8099d95af4d25e7dad6c938b6b232b23,20000元宝,1.10032E+20,775584232,,,20,2014-3-15 8:06,2014-3-15 8:06,,http://wapi.ldsg.lodogame.com:8088/webApi/payment.do,储蓄卡支付,1.10E+20,20000元宝
154,1.40315E+18,三国合伙人,8099d95af4d25e7dad6c938b6b232b23,10000元宝,1.10032E+20,377348109,,,10,2014-3-15 8:06,2014-3-15 8:06,,http://wapi.ldsg.lodogame.com:8088/webApi/payment.do,储蓄卡支付,1.10E+20,10000元宝
155,1.40315E+18,三国合伙人,8099d95af4d25e7dad6c938b6b232b23,20000元宝,1.10032E+20,584368976,,,20,2014-3-15 8:06,2014-3-15 8:06,,http://wapi.ldsg.lodogame.com:8088/webApi/payment.do,储蓄卡支付,1.10E+20,20000元宝
156,1.40315E+18,三国合伙人,8099d95af4d25e7dad6c938b6b232b23,50元宝,1.10032E+20,408246535,,,0.05,2014-3-15 8:06,2014-3-15 8:06,,http://wapi.ldsg.lodogame.com:8088/webApi/payment.do,手机支付宝,1.10E+20,50元宝
157,1.40315E+18,三国合伙人,8099d95af4d25e7dad6c938b6b232b23,20000元宝,1.10032E+20,775584232,,,20,2014-3-15 8:06,2014-3-15 8:07,,http://wapi.ldsg.lodogame.com:8088/webApi/payment.do,储蓄卡支付,1.10E+20,20000元宝
158,1.40315E+18,三国合伙人,8099d95af4d25e7dad6c938b6b232b23,50元宝,1.10032E+20,408246535,,,0.05,2014-3-15 8:07,2014-3-15 8:07,,http://wapi.ldsg.lodogame.com:8088/webApi/payment.do,手机支付宝,1.10E+20,50元宝
159,1.40315E+18,三国合伙人,8099d95af4d25e7dad6c938b6b232b23,10000元宝,1.10032E+20,775584232,,,10,2014-3-15 8:07,2014-3-15 8:07,,http://wapi.ldsg.lodogame.com:8088/webApi/payment.do,储蓄卡支付,1.10E+20,10000元宝
160,1.40315E+18,三国合伙人,8099d95af4d25e7dad6c938b6b232b23,20000元宝,1.10032E+20,584368976,,,20,2014-3-15 8:07,2014-3-15 8:08,,http://wapi.ldsg.lodogame.com:8088/webApi/payment.do,储蓄卡支付,1.10E+20,20000元宝
161,1.40315E+18,三国合伙人,8099d95af4d25e7dad6c938b6b232b23,20000元宝,1.10032E+20,775584232,,,20,2014-3-15 8:09,2014-3-15 8:09,,http://wapi.ldsg.lodogame.com:8088/webApi/payment.do,储蓄卡支付,1.10E+20,20000元宝
162,1.40315E+18,三国合伙人,8099d95af4d25e7dad6c938b6b232b23,20000元宝,1.10032E+20,775584232,,,20,2014-3-15 8:10,2014-3-15 8:10,,http://wapi.ldsg.lodogame.com:8088/webApi/payment.do,储蓄卡支付,1.10E+20,20000元宝
163,1.40315E+18,三国合伙人,8099d95af4d25e7dad6c938b6b232b23,100元宝,1.10032E+20,332376354,,,0.1,2014-3-15 8:10,2014-3-15 8:14,,http://wapi.ldsg.lodogame.com:8088/webApi/payment.do,储蓄卡支付,1.10E+20,100元宝
164,1.40315E+18,三国合伙人,8099d95af4d25e7dad6c938b6b232b23,20000元宝,1.10032E+20,775584232,,,20,2014-3-15 8:10,2014-3-15 8:11,,http://wapi.ldsg.lodogame.com:8088/webApi/payment.do,储蓄卡支付,1.10E+20,20000元宝
165,1.40315E+18,三国合伙人,8099d95af4d25e7dad6c938b6b232b23,20000元宝,1.10032E+20,765880883,,,20,2014-3-15 8:11,2014-3-15 8:11,,http://wapi.ldsg.lodogame.com:8088/webApi/payment.do,手机支付宝,1.10E+20,20000元宝
166,1.40315E+18,三国合伙人,8099d95af4d25e7dad6c938b6b232b23,50元宝,1.10032E+20,740474866,,,0.05,2014-3-15 8:11,2014-3-15 8:11,,http://wapi.ldsg.lodogame.com:8088/webApi/payment.do,信用卡,1.10E+20,50元宝
167,1.40315E+18,三国合伙人,8099d95af4d25e7dad6c938b6b232b23,50元宝,1.10032E+20,468839589,,,0.05,2014-3-15 8:11,2014-3-15 8:11,,http://wapi.ldsg.lodogame.com:8088/webApi/payment.do,信用卡,1.10E+20,50元宝
168,1.40315E+18,三国合伙人,8099d95af4d25e7dad6c938b6b232b23,100元宝,1.10032E+20,740474866,,,0.1,2014-3-15 8:12,2014-3-15 8:12,,http://wapi.ldsg.lodogame.com:8088/webApi/payment.do,信用卡,1.10E+20,100元宝
169,1.40315E+18,三国合伙人,8099d95af4d25e7dad6c938b6b232b23,50元宝,1.10032E+20,80763499,,,0.05,2014-3-15 8:12,2014-3-15 8:12,,http://wapi.ldsg.lodogame.com:8088/webApi/payment.do,信用卡,1.10E+20,50元宝
170,1.40315E+18,三国合伙人,8099d95af4d25e7dad6c938b6b232b23,20000元宝,1.10032E+20,775584232,,,20,2014-3-15 8:12,2014-3-15 8:12,,http://wapi.ldsg.lodogame.com:8088/webApi/payment.do,储蓄卡支付,1.10E+20,20000元宝
171,1.40315E+18,三国合伙人,8099d95af4d25e7dad6c938b6b232b23,50元宝,1.10032E+20,240636702,,,0.05,2014-3-15 8:14,2014-3-15 8:14,,http://wapi.ldsg.lodogame.com:8088/webApi/payment.do,手机支付宝,1.10E+20,50元宝
172,1.40315E+18,三国合伙人,8099d95af4d25e7dad6c938b6b232b23,50元宝,1.10032E+20,240636702,,,0.05,2014-3-15 8:15,2014-3-15 8:15,,http://wapi.ldsg.lodogame.com:8088/webApi/payment.do,手机支付宝,1.10E+20,50元宝
173,1.40315E+18,三国合伙人,8099d95af4d25e7dad6c938b6b232b23,50元宝,1.10032E+20,310996355,,,0.05,2014-3-15 8:16,2014-3-15 8:17,,http://wapi.ldsg.lodogame.com:8088/webApi/payment.do,手机支付宝,1.10E+20,50元宝
174,1.40315E+18,三国合伙人,8099d95af4d25e7dad6c938b6b232b23,5000元宝,1.10032E+20,742230520,,,5,2014-3-15 8:16,2014-3-15 8:17,,http://wapi.ldsg.lodogame.com:8088/webApi/payment.do,信用卡,1.10E+20,5000元宝
175,1.40315E+18,三国合伙人,8099d95af4d25e7dad6c938b6b232b23,100元宝,1.10032E+20,106192965,,,0.1,2014-3-15 8:17,2014-3-15 8:17,,http://wapi.ldsg.lodogame.com:8088/webApi/payment.do,手机支付宝,1.10E+20,100元宝
176,1.40315E+18,三国合伙人,8099d95af4d25e7dad6c938b6b232b23,1000元宝,1.10032E+20,5740684,,,1,2014-3-15 8:17,2014-3-15 8:17,,http://wapi.ldsg.lodogame.com:8088/webApi/payment.do,储蓄卡支付,1.10E+20,1000元宝
177,1.40315E+18,三国合伙人,8099d95af4d25e7dad6c938b6b232b23,20000元宝,1.10032E+20,320360473,,,20,2014-3-15 8:18,2014-3-15 8:18,,http://wapi.ldsg.lodogame.com:8088/webApi/payment.do,手机支付宝,1.10E+20,20000元宝
178,1.40315E+18,三国合伙人,8099d95af4d25e7dad6c938b6b232b23,100元宝,1.10032E+20,106192965,,,0.1,2014-3-15 8:19,2014-3-15 8:19,,http://wapi.ldsg.lodogame.com:8088/webApi/payment.do,手机支付宝,1.10E+20,100元宝
179,1.40315E+18,三国合伙人,8099d95af4d25e7dad6c938b6b232b23,100元宝,1.10032E+20,627095417,,,0.1,2014-3-15 8:19,2014-3-15 8:19,,http://wapi.ldsg.lodogame.com:8088/webApi/payment.do,储蓄卡支付,1.10E+20,100元宝
180,1.40315E+18,三国合伙人,8099d95af4d25e7dad6c938b6b232b23,2000元宝,1.10032E+20,739106482,,,2,2014-3-15 8:19,2014-3-15 8:19,,http://wapi.ldsg.lodogame.com:8088/webApi/payment.do,手机支付宝,1.10E+20,2000元宝
181,1.40315E+18,三国合伙人,8099d95af4d25e7dad6c938b6b232b23,50元宝,1.10032E+20,301462940,,,0.05,2014-3-15 8:19,2014-3-15 8:20,,http://wapi.ldsg.lodogame.com:8088/webApi/payment.do,手机支付宝,1.10E+20,50元宝
182,1.40315E+18,三国合伙人,8099d95af4d25e7dad6c938b6b232b23,50元宝,1.10032E+20,96249865,,,0.05,2014-3-15 8:20,2014-3-15 8:21,,http://wapi.ldsg.lodogame.com:8088/webApi/payment.do,手机支付宝,1.10E+20,50元宝
183,1.40315E+18,三国合伙人,8099d95af4d25e7dad6c938b6b232b23,1000元宝,1.10032E+20,753025922,,,1,2014-3-15 8:20,2014-3-15 8:21,,http://wapi.ldsg.lodogame.com:8088/webApi/payment.do,骏网卡,1.10E+20,1000元宝
184,1.40315E+18,三国合伙人,8099d95af4d25e7dad6c938b6b232b23,300元宝,1.10032E+20,279279845,,,0.3,2014-3-15 8:22,2014-3-15 8:22,,http://wapi.ldsg.lodogame.com:8088/webApi/payment.do,手机支付宝,1.10E+20,300元宝
185,1.40315E+18,三国合伙人,8099d95af4d25e7dad6c938b6b232b23,300元宝,1.10032E+20,279279845,,,0.3,2014-3-15 8:24,2014-3-15 8:24,,http://wapi.ldsg.lodogame.com:8088/webApi/payment.do,手机支付宝,1.10E+20,300元宝
186,1.40315E+18,三国合伙人,8099d95af4d25e7dad6c938b6b232b23,200元宝,1.10032E+20,400560559,,,0.2,2014-3-15 8:24,2014-3-15 8:24,,http://wapi.ldsg.lodogame.com:8088/webApi/payment.do,手机支付宝,1.10E+20,200元宝
187,1.40315E+18,三国合伙人,8099d95af4d25e7dad6c938b6b232b23,50元宝,1.10032E+20,599606451,,,0.05,2014-3-15 8:25,2014-3-15 8:25,,http://wapi.ldsg.lodogame.com:8088/webApi/payment.do,信用卡,1.10E+20,50元宝
188,1.40315E+18,三国合伙人,8099d95af4d25e7dad6c938b6b232b23,300元宝,1.10032E+20,634506526,,,0.3,2014-3-15 8:30,2014-3-15 8:31,,http://wapi.ldsg.lodogame.com:8088/webApi/payment.do,手机支付宝,1.10E+20,300元宝
189,1.40315E+18,三国合伙人,8099d95af4d25e7dad6c938b6b232b23,1000元宝,1.10032E+20,341742099,,,1,2014-3-15 8:31,2014-3-15 8:31,,http://wapi.ldsg.lodogame.com:8088/webApi/payment.do,手机支付宝,1.10E+20,1000元宝
190,1.40315E+18,三国合伙人,8099d95af4d25e7dad6c938b6b232b23,100元宝,1.10032E+20,370832033,,,0.1,2014-3-15 8:33,2014-3-15 8:33,,http://wapi.ldsg.lodogame.com:8088/webApi/payment.do,手机支付宝,1.10E+20,100元宝
191,1.40315E+18,三国合伙人,8099d95af4d25e7dad6c938b6b232b23,1000元宝,1.10032E+20,418293869,,,1,2014-3-15 8:35,2014-3-15 8:35,,http://wapi.ldsg.lodogame.com:8088/webApi/payment.do,手机支付宝,1.10E+20,1000元宝
192,1.40315E+18,三国合伙人,8099d95af4d25e7dad6c938b6b232b23,5000元宝,1.10032E+20,465095617,,,5,2014-3-15 8:35,2014-3-15 8:36,,http://wapi.ldsg.lodogame.com:8088/webApi/payment.do,手机支付宝,1.10E+20,5000元宝
193,1.40315E+18,三国合伙人,8099d95af4d25e7dad6c938b6b232b23,200元宝,1.10032E+20,400560559,,,0.2,2014-3-15 8:37,2014-3-15 8:37,,http://wapi.ldsg.lodogame.com:8088/webApi/payment.do,手机支付宝,1.10E+20,200元宝
194,1.40315E+18,三国合伙人,8099d95af4d25e7dad6c938b6b232b23,50元宝,1.10032E+20,477704269,,,0.05,2014-3-15 8:39,2014-3-15 8:40,,http://wapi.ldsg.lodogame.com:8088/webApi/payment.do,手机支付宝,1.10E+20,50元宝
195,1.40315E+18,三国合伙人,8099d95af4d25e7dad6c938b6b232b23,10000元宝,1.10032E+20,303173920,,,10,2014-3-15 8:43,2014-3-15 8:43,,http://wapi.ldsg.lodogame.com:8088/webApi/payment.do,手机支付宝,1.10E+20,10000元宝
196,1.40315E+18,三国合伙人,8099d95af4d25e7dad6c938b6b232b23,50元宝,1.10032E+20,477704269,,,0.05,2014-3-15 8:43,2014-3-15 8:44,,http://wapi.ldsg.lodogame.com:8088/webApi/payment.do,手机支付宝,1.10E+20,50元宝
197,1.40315E+18,三国合伙人,8099d95af4d25e7dad6c938b6b232b23,500元宝,1.10032E+20,147192793,,,0.5,2014-3-15 8:44,2014-3-15 8:44,,http://wapi.ldsg.lodogame.com:8088/webApi/payment.do,信用卡,1.10E+20,500元宝
198,1.40315E+18,三国合伙人,8099d95af4d25e7dad6c938b6b232b23,1000元宝,1.10032E+20,147192793,,,1,2014-3-15 8:46,2014-3-15 8:46,,http://wapi.ldsg.lodogame.com:8088/webApi/payment.do,信用卡,1.10E+20,1000元宝
199,1.40315E+18,三国合伙人,8099d95af4d25e7dad6c938b6b232b23,50元宝,1.10032E+20,303173920,,,0.05,2014-3-15 8:47,2014-3-15 8:47,,http://wapi.ldsg.lodogame.com:8088/webApi/payment.do,手机支付宝,1.10E+20,50元宝
200,1.40315E+18,三国合伙人,8099d95af4d25e7dad6c938b6b232b23,50元宝,1.10032E+20,162154124,,,0.05,2014-3-15 8:48,2014-3-15 8:49,,http://wapi.ldsg.lodogame.com:8088/webApi/payment.do,手机支付宝,1.10E+20,50元宝
201,1.40315E+18,三国合伙人,8099d95af4d25e7dad6c938b6b232b23,20000元宝,1.10032E+20,297977927,,,20,2014-3-15 8:49,2014-3-15 8:49,,http://wapi.ldsg.lodogame.com:8088/webApi/payment.do,手机支付宝,1.10E+20,20000元宝
202,1.40315E+18,三国合伙人,8099d95af4d25e7dad6c938b6b232b23,20000元宝,1.10032E+20,753025922,,,20,2014-3-15 8:49,2014-3-15 8:50,,http://wapi.ldsg.lodogame.com:8088/webApi/payment.do,360币,1.10E+20,20000元宝
203,1.40315E+18,三国合伙人,8099d95af4d25e7dad6c938b6b232b23,2000元宝,1.10032E+20,310996355,,,2,2014-3-15 8:52,2014-3-15 8:53,,http://wapi.ldsg.lodogame.com:8088/webApi/payment.do,手机支付宝,1.10E+20,2000元宝
204,1.40315E+18,三国合伙人,8099d95af4d25e7dad6c938b6b232b23,100元宝,1.10032E+20,624243070,,,0.1,2014-3-15 8:52,2014-3-15 8:53,,http://wapi.ldsg.lodogame.com:8088/webApi/payment.do,储蓄卡支付,1.10E+20,100元宝
205,1.40315E+18,三国合伙人,8099d95af4d25e7dad6c938b6b232b23,10000元宝,1.10032E+20,367854863,,,10,2014-3-15 8:53,2014-3-15 8:54,,http://wapi.ldsg.lodogame.com:8088/webApi/payment.do,银联支付,1.10E+20,10000元宝
206,1.40315E+18,三国合伙人,8099d95af4d25e7dad6c938b6b232b23,5000元宝,1.10032E+20,319599731,,,5,2014-3-15 8:54,2014-3-15 8:59,,http://wapi.ldsg.lodogame.com:8088/webApi/payment.do,手机支付宝,1.10E+20,5000元宝
207,1.40315E+18,三国合伙人,8099d95af4d25e7dad6c938b6b232b23,10000元宝,1.10032E+20,624243070,,,10,2014-3-15 8:55,2014-3-15 8:55,,http://wapi.ldsg.lodogame.com:8088/webApi/payment.do,储蓄卡支付,1.10E+20,10000元宝
208,1.40315E+18,三国合伙人,8099d95af4d25e7dad6c938b6b232b23,500元宝,1.10032E+20,362355021,,,0.5,2014-3-15 8:57,2014-3-15 8:58,,http://wapi.ldsg.lodogame.com:8088/webApi/payment.do,储蓄卡支付,1.10E+20,500元宝
209,1.40315E+18,三国合伙人,8099d95af4d25e7dad6c938b6b232b23,2000元宝,1.10032E+20,362355021,,,2,2014-3-15 8:59,2014-3-15 8:59,,http://wapi.ldsg.lodogame.com:8088/webApi/payment.do,储蓄卡支付,1.10E+20,2000元宝
210,1.40315E+18,三国合伙人,8099d95af4d25e7dad6c938b6b232b23,300元宝,1.10032E+20,609185502,,,0.3,2014-3-15 8:59,2014-3-15 8:59,,http://wapi.ldsg.lodogame.com:8088/webApi/payment.do,手机支付宝,1.10E+20,300元宝
211,1.40315E+18,三国合伙人,8099d95af4d25e7dad6c938b6b232b23,50元宝,1.10032E+20,342840609,,,0.05,2014-3-15 8:59,2014-3-15 8:59,,http://wapi.ldsg.lodogame.com:8088/webApi/payment.do,信用卡,1.10E+20,50元宝
212,1.40315E+18,三国合伙人,8099d95af4d25e7dad6c938b6b232b23,5000元宝,1.10032E+20,319599731,,,5,2014-3-15 9:00,2014-3-15 9:01,,http://wapi.ldsg.lodogame.com:8088/webApi/payment.do,手机支付宝,1.10E+20,5000元宝
213,1.40315E+18,三国合伙人,8099d95af4d25e7dad6c938b6b232b23,200元宝,1.10032E+20,144757086,,,0.2,2014-3-15 9:01,2014-3-15 9:02,,http://wapi.ldsg.lodogame.com:8088/webApi/payment.do,手机支付宝,1.10E+20,200元宝
214,1.40315E+18,三国合伙人,8099d95af4d25e7dad6c938b6b232b23,1000元宝,1.10032E+20,144757086,,,1,2014-3-15 9:04,2014-3-15 9:04,,http://wapi.ldsg.lodogame.com:8088/webApi/payment.do,手机支付宝,1.10E+20,1000元宝
215,1.40315E+18,三国合伙人,8099d95af4d25e7dad6c938b6b232b23,20000元宝,1.10032E+20,749985506,,,20,2014-3-15 9:04,2014-3-15 9:04,,http://wapi.ldsg.lodogame.com:8088/webApi/payment.do,手机支付宝,1.10E+20,20000元宝
216,1.40315E+18,三国合伙人,8099d95af4d25e7dad6c938b6b232b23,2000元宝,1.10032E+20,592195372,,,2,2014-3-15 9:06,2014-3-15 9:07,,http://wapi.ldsg.lodogame.com:8088/webApi/payment.do,手机支付宝,1.10E+20,2000元宝
217,1.40315E+18,三国合伙人,8099d95af4d25e7dad6c938b6b232b23,20000元宝,1.10032E+20,362355021,,,20,2014-3-15 9:06,2014-3-15 9:07,,http://wapi.ldsg.lodogame.com:8088/webApi/payment.do,储蓄卡支付,1.10E+20,20000元宝
218,1.40315E+18,三国合伙人,8099d95af4d25e7dad6c938b6b232b23,20000元宝,1.10032E+20,592195372,,,20,2014-3-15 9:07,2014-3-15 9:07,,http://wapi.ldsg.lodogame.com:8088/webApi/payment.do,手机支付宝,1.10E+20,20000元宝
219,1.40315E+18,三国合伙人,8099d95af4d25e7dad6c938b6b232b23,50元宝,1.10032E+20,268101574,,,0.05,2014-3-15 9:09,2014-3-15 9:09,,http://wapi.ldsg.lodogame.com:8088/webApi/payment.do,手机支付宝,1.10E+20,50元宝
220,1.40315E+18,三国合伙人,8099d95af4d25e7dad6c938b6b232b23,5000元宝,1.10032E+20,609185502,,,5,2014-3-15 9:09,2014-3-15 9:09,,http://wapi.ldsg.lodogame.com:8088/webApi/payment.do,手机支付宝,1.10E+20,5000元宝
221,1.40315E+18,三国合伙人,8099d95af4d25e7dad6c938b6b232b23,5000元宝,1.10032E+20,400560559,,,5,2014-3-15 9:09,2014-3-15 9:09,,http://wapi.ldsg.lodogame.com:8088/webApi/payment.do,手机支付宝,1.10E+20,5000元宝
222,1.40315E+18,三国合伙人,8099d95af4d25e7dad6c938b6b232b23,50元宝,1.10032E+20,749985506,,,0.05,2014-3-15 9:10,2014-3-15 9:11,,http://wapi.ldsg.lodogame.com:8088/webApi/payment.do,手机支付宝,1.10E+20,50元宝
223,1.40315E+18,三国合伙人,8099d95af4d25e7dad6c938b6b232b23,2000元宝,1.10032E+20,592195372,,,2,2014-3-15 9:10,2014-3-15 9:10,,http://wapi.ldsg.lodogame.com:8088/webApi/payment.do,手机支付宝,1.10E+20,2000元宝
224,1.40315E+18,三国合伙人,8099d95af4d25e7dad6c938b6b232b23,1000元宝,1.10032E+20,633784092,,,1,2014-3-15 9:10,2014-3-15 9:10,,http://wapi.ldsg.lodogame.com:8088/webApi/payment.do,信用卡,1.10E+20,1000元宝
225,1.40315E+18,三国合伙人,8099d95af4d25e7dad6c938b6b232b23,20000元宝,1.10032E+20,441536870,,,20,2014-3-15 9:10,2014-3-15 9:11,,http://wapi.ldsg.lodogame.com:8088/webApi/payment.do,联通充值卡,1.10E+20,20000元宝
226,1.40315E+18,三国合伙人,8099d95af4d25e7dad6c938b6b232b23,1000元宝,1.10032E+20,276110958,,,1,2014-3-15 9:13,2014-3-15 9:14,,http://wapi.ldsg.lodogame.com:8088/webApi/payment.do,储蓄卡支付,1.10E+20,1000元宝
227,1.40315E+18,三国合伙人,8099d95af4d25e7dad6c938b6b232b23,1000元宝,1.10032E+20,268101574,,,1,2014-3-15 9:14,2014-3-15 9:14,,http://wapi.ldsg.lodogame.com:8088/webApi/payment.do,手机支付宝,1.10E+20,1000元宝
228,1.40315E+18,三国合伙人,8099d95af4d25e7dad6c938b6b232b23,50元宝,1.10032E+20,276110958,,,0.05,2014-3-15 9:16,2014-3-15 9:16,,http://wapi.ldsg.lodogame.com:8088/webApi/payment.do,储蓄卡支付,1.10E+20,50元宝
229,1.40315E+18,三国合伙人,8099d95af4d25e7dad6c938b6b232b23,50元宝,1.10032E+20,637681880,,,0.05,2014-3-15 9:18,2014-3-15 9:19,,http://wapi.ldsg.lodogame.com:8088/webApi/payment.do,手机支付宝,1.10E+20,50元宝
230,1.40315E+18,三国合伙人,8099d95af4d25e7dad6c938b6b232b23,20000元宝,1.10032E+20,441536870,,,20,2014-3-15 9:18,2014-3-15 9:20,,http://wapi.ldsg.lodogame.com:8088/webApi/payment.do,联通充值卡,1.10E+20,20000元宝
231,1.40315E+18,三国合伙人,8099d95af4d25e7dad6c938b6b232b23,50元宝,1.10032E+20,289747774,,,0.05,2014-3-15 9:19,2014-3-15 9:19,,http://wapi.ldsg.lodogame.com:8088/webApi/payment.do,储蓄卡支付,1.10E+20,50元宝
232,1.40315E+18,三国合伙人,8099d95af4d25e7dad6c938b6b232b23,500元宝,1.10032E+20,633784092,,,0.5,2014-3-15 9:19,2014-3-15 9:19,,http://wapi.ldsg.lodogame.com:8088/webApi/payment.do,信用卡,1.10E+20,500元宝
233,1.40315E+18,三国合伙人,8099d95af4d25e7dad6c938b6b232b23,200元宝,1.10032E+20,561323750,,,0.2,2014-3-15 9:19,2014-3-15 9:20,,http://wapi.ldsg.lodogame.com:8088/webApi/payment.do,手机支付宝,1.10E+20,200元宝
234,1.40315E+18,三国合伙人,8099d95af4d25e7dad6c938b6b232b23,100元宝,1.10032E+20,194462169,,,0.1,2014-3-15 9:19,2014-3-15 9:20,,http://wapi.ldsg.lodogame.com:8088/webApi/payment.do,手机支付宝,1.10E+20,100元宝
235,1.40315E+18,三国合伙人,8099d95af4d25e7dad6c938b6b232b23,50元宝,1.10032E+20,745855225,,,0.05,2014-3-15 9:21,2014-3-15 9:21,,http://wapi.ldsg.lodogame.com:8088/webApi/payment.do,储蓄卡支付,1.10E+20,50元宝
236,1.40315E+18,三国合伙人,8099d95af4d25e7dad6c938b6b232b23,500元宝,1.10032E+20,307925839,,,0.5,2014-3-15 9:22,2014-3-15 9:22,,http://wapi.ldsg.lodogame.com:8088/webApi/payment.do,手机支付宝,1.10E+20,500元宝
237,1.40315E+18,三国合伙人,8099d95af4d25e7dad6c938b6b232b23,300元宝,1.10032E+20,631221080,,,0.3,2014-3-15 9:22,2014-3-15 9:22,,http://wapi.ldsg.lodogame.com:8088/webApi/payment.do,手机支付宝,1.10E+20,300元宝
238,1.40315E+18,三国合伙人,8099d95af4d25e7dad6c938b6b232b23,100元宝,1.10032E+20,604280794,,,0.1,2014-3-15 9:23,2014-3-15 9:23,,http://wapi.ldsg.lodogame.com:8088/webApi/payment.do,手机支付宝,1.10E+20,100元宝
239,1.40315E+18,三国合伙人,8099d95af4d25e7dad6c938b6b232b23,2000元宝,1.10032E+20,561323750,,,2,2014-3-15 9:23,2014-3-15 9:23,,http://wapi.ldsg.lodogame.com:8088/webApi/payment.do,手机支付宝,1.10E+20,2000元宝
240,1.40315E+18,三国合伙人,8099d95af4d25e7dad6c938b6b232b23,20000元宝,1.10032E+20,745855225,,,20,2014-3-15 9:23,2014-3-15 9:24,,http://wapi.ldsg.lodogame.com:8088/webApi/payment.do,储蓄卡支付,1.10E+20,20000元宝
241,1.40315E+18,三国合伙人,8099d95af4d25e7dad6c938b6b232b23,20000元宝,1.10032E+20,468839589,,,20,2014-3-15 9:24,2014-3-15 9:24,,http://wapi.ldsg.lodogame.com:8088/webApi/payment.do,信用卡,1.10E+20,20000元宝
242,1.40315E+18,三国合伙人,8099d95af4d25e7dad6c938b6b232b23,50元宝,1.10032E+20,23537972,,,0.05,2014-3-15 9:25,2014-3-15 9:29,,http://wapi.ldsg.lodogame.com:8088/webApi/payment.do,手机支付宝,1.10E+20,50元宝
243,1.40315E+18,三国合伙人,8099d95af4d25e7dad6c938b6b232b23,50元宝,1.10032E+20,633784092,,,0.05,2014-3-15 9:27,2014-3-15 9:27,,http://wapi.ldsg.lodogame.com:8088/webApi/payment.do,信用卡,1.10E+20,50元宝
244,1.40315E+18,三国合伙人,8099d95af4d25e7dad6c938b6b232b23,50元宝,1.10032E+20,620043191,,,0.05,2014-3-15 9:28,2014-3-15 9:28,,http://wapi.ldsg.lodogame.com:8088/webApi/payment.do,储蓄卡支付,1.10E+20,50元宝
245,1.40315E+18,三国合伙人,8099d95af4d25e7dad6c938b6b232b23,50元宝,1.10032E+20,289747774,,,0.05,2014-3-15 9:29,2014-3-15 9:30,,http://wapi.ldsg.lodogame.com:8088/webApi/payment.do,储蓄卡支付,1.10E+20,50元宝
246,1.40315E+18,三国合伙人,8099d95af4d25e7dad6c938b6b232b23,500元宝,1.10032E+20,23537972,,,0.5,2014-3-15 9:29,2014-3-15 9:30,,http://wapi.ldsg.lodogame.com:8088/webApi/payment.do,手机支付宝,1.10E+20,500元宝
247,1.40315E+18,三国合伙人,8099d95af4d25e7dad6c938b6b232b23,100元宝,1.10032E+20,604280794,,,0.1,2014-3-15 9:30,2014-3-15 9:30,,http://wapi.ldsg.lodogame.com:8088/webApi/payment.do,手机支付宝,1.10E+20,100元宝
248,1.40315E+18,三国合伙人,8099d95af4d25e7dad6c938b6b232b23,50元宝,1.10032E+20,414322269,,,0.05,2014-3-15 9:30,2014-3-15 9:30,,http://wapi.ldsg.lodogame.com:8088/webApi/payment.do,手机支付宝,1.10E+20,50元宝
249,1.40315E+18,三国合伙人,8099d95af4d25e7dad6c938b6b232b23,200元宝,1.10032E+20,732151419,,,0.2,2014-3-15 9:30,2014-3-15 9:31,,http://wapi.ldsg.lodogame.com:8088/webApi/payment.do,储蓄卡支付,1.10E+20,200元宝
250,1.40315E+18,三国合伙人,8099d95af4d25e7dad6c938b6b232b23,50元宝,1.10032E+20,414322269,,,0.05,2014-3-15 9:31,2014-3-15 9:32,,http://wapi.ldsg.lodogame.com:8088/webApi/payment.do,手机支付宝,1.10E+20,50元宝
251,1.40315E+18,三国合伙人,8099d95af4d25e7dad6c938b6b232b23,50元宝,1.10032E+20,23537972,,,0.05,2014-3-15 9:32,2014-3-15 9:33,,http://wapi.ldsg.lodogame.com:8088/webApi/payment.do,手机支付宝,1.10E+20,50元宝
252,1.40315E+18,三国合伙人,8099d95af4d25e7dad6c938b6b232b23,50元宝,1.10032E+20,561323750,,,0.05,2014-3-15 9:32,2014-3-15 9:33,,http://wapi.ldsg.lodogame.com:8088/webApi/payment.do,手机支付宝,1.10E+20,50元宝
253,1.40315E+18,三国合伙人,8099d95af4d25e7dad6c938b6b232b23,20000元宝,1.10032E+20,743948080,,,20,2014-3-15 9:37,2014-3-15 9:38,,http://wapi.ldsg.lodogame.com:8088/webApi/payment.do,银联支付,1.10E+20,20000元宝
254,1.40315E+18,三国合伙人,8099d95af4d25e7dad6c938b6b232b23,20000元宝,1.10032E+20,743948080,,,20,2014-3-15 9:38,2014-3-15 9:40,,http://wapi.ldsg.lodogame.com:8088/webApi/payment.do,银联支付,1.10E+20,20000元宝
255,1.40315E+18,三国合伙人,8099d95af4d25e7dad6c938b6b232b23,200元宝,1.10032E+20,194462169,,,0.2,2014-3-15 9:38,2014-3-15 9:39,,http://wapi.ldsg.lodogame.com:8088/webApi/payment.do,手机支付宝,1.10E+20,200元宝
256,1.40315E+18,三国合伙人,8099d95af4d25e7dad6c938b6b232b23,5000元宝,1.10032E+20,414845180,,,5,2014-3-15 9:39,2014-3-15 9:40,,http://wapi.ldsg.lodogame.com:8088/webApi/payment.do,储蓄卡支付,1.10E+20,5000元宝
257,1.40315E+18,三国合伙人,8099d95af4d25e7dad6c938b6b232b23,50元宝,1.10032E+20,624557027,,,0.05,2014-3-15 9:41,2014-3-15 9:42,,http://wapi.ldsg.lodogame.com:8088/webApi/payment.do,手机支付宝,1.10E+20,50元宝
258,1.40315E+18,三国合伙人,8099d95af4d25e7dad6c938b6b232b23,50元宝,1.10032E+20,394448961,,,0.05,2014-3-15 9:43,2014-3-15 9:43,,http://wapi.ldsg.lodogame.com:8088/webApi/payment.do,手机支付宝,1.10E+20,50元宝
259,1.40315E+18,三国合伙人,8099d95af4d25e7dad6c938b6b232b23,50元宝,1.10032E+20,253782695,,,0.05,2014-3-15 9:43,2014-3-15 9:44,,http://wapi.ldsg.lodogame.com:8088/webApi/payment.do,储蓄卡支付,1.10E+20,50元宝
260,1.40315E+18,三国合伙人,8099d95af4d25e7dad6c938b6b232b23,5000元宝,1.10032E+20,394448961,,,5,2014-3-15 9:44,2014-3-15 9:44,,http://wapi.ldsg.lodogame.com:8088/webApi/payment.do,手机支付宝,1.10E+20,5000元宝
261,1.40315E+18,三国合伙人,8099d95af4d25e7dad6c938b6b232b23,1000元宝,1.10032E+20,475472581,,,1,2014-3-15 9:44,2014-3-15 9:44,,http://wapi.ldsg.lodogame.com:8088/webApi/payment.do,信用卡,1.10E+20,1000元宝
262,1.40315E+18,三国合伙人,8099d95af4d25e7dad6c938b6b232b23,5000元宝,1.10032E+20,394448961,,,5,2014-3-15 9:45,2014-3-15 9:45,,http://wapi.ldsg.lodogame.com:8088/webApi/payment.do,手机支付宝,1.10E+20,5000元宝
263,1.40315E+18,三国合伙人,8099d95af4d25e7dad6c938b6b232b23,20000元宝,1.10032E+20,400560559,,,20,2014-3-15 9:45,2014-3-15 9:46,,http://wapi.ldsg.lodogame.com:8088/webApi/payment.do,手机支付宝,1.10E+20,20000元宝
264,1.40315E+18,三国合伙人,8099d95af4d25e7dad6c938b6b232b23,1000元宝,1.10032E+20,365828121,,,100,2014-3-15 9:52,2014-3-15 9:52,2014-3-15 9:52,http://wapi.ldsg.lodogame.com:8088/webApi/qhPayment.do,手机支付宝,1.10E+20,1000元宝
265,1.40315E+18,三国合伙人,8099d95af4d25e7dad6c938b6b232b23,50元宝,1.10032E+20,484042365,,,5,2014-3-15 9:52,2014-3-15 9:52,2014-3-15 9:52,http://wapi.ldsg.lodogame.com:8088/webApi/qhPayment.do,手机支付宝,1.10E+20,50元宝
266,1.40315E+18,三国合伙人,8099d95af4d25e7dad6c938b6b232b23,10000元宝,1.10032E+20,27828750,,,1000,2014-3-15 9:52,2014-3-15 9:53,2014-3-15 9:53,http://wapi.ldsg.lodogame.com:8088/webApi/qhPayment.do,360币,1.10E+20,10000元宝
267,1.40315E+18,三国合伙人,8099d95af4d25e7dad6c938b6b232b23,1000元宝,1.10032E+20,147192793,,,100,2014-3-15 9:54,2014-3-15 9:54,2014-3-15 9:54,http://wapi.ldsg.lodogame.com:8088/webApi/qhPayment.do,信用卡,1.10E+20,1000元宝
268,1.40315E+18,三国合伙人,8099d95af4d25e7dad6c938b6b232b23,2000元宝,1.10032E+20,739106482,,,200,2014-3-15 9:54,2014-3-15 9:55,2014-3-15 9:55,http://wapi.ldsg.lodogame.com:8088/webApi/qhPayment.do,手机支付宝,1.10E+20,2000元宝
269,1.40315E+18,三国合伙人,8099d95af4d25e7dad6c938b6b232b23,10000元宝,1.10032E+20,254132210,,,1000,2014-3-15 9:54,2014-3-15 9:55,2014-3-15 9:55,http://wapi.ldsg.lodogame.com:8088/webApi/qhPayment.do,手机支付宝,1.10E+20,10000元宝
270,1.40315E+18,三国合伙人,8099d95af4d25e7dad6c938b6b232b23,200元宝,1.10032E+20,441536870,,,20,2014-3-15 9:54,2014-3-15 9:55,2014-3-15 9:55,http://wapi.ldsg.lodogame.com:8088/webApi/qhPayment.do,联通充值卡,1.10E+20,200元宝
271,1.40315E+18,三国合伙人,8099d95af4d25e7dad6c938b6b232b23,200元宝,1.10032E+20,296681493,,,20,2014-3-15 9:55,2014-3-15 9:55,2014-3-15 9:55,http://wapi.ldsg.lodogame.com:8088/webApi/qhPayment.do,联通充值卡,1.10E+20,200元宝
272,1.40315E+18,三国合伙人,8099d95af4d25e7dad6c938b6b232b23,50元宝,1.10032E+20,718301357,,,5,2014-3-15 9:55,2014-3-15 9:55,2014-3-15 9:55,http://wapi.ldsg.lodogame.com:8088/webApi/qhPayment.do,360币,1.10E+20,50元宝
273,1.40315E+18,三国合伙人,8099d95af4d25e7dad6c938b6b232b23,50元宝,1.10032E+20,276110958,,,5,2014-3-15 9:55,2014-3-15 9:56,2014-3-15 9:56,http://wapi.ldsg.lodogame.com:8088/webApi/qhPayment.do,储蓄卡支付,1.10E+20,50元宝
274,1.40315E+18,三国合伙人,8099d95af4d25e7dad6c938b6b232b23,100元宝,1.10032E+20,624243070,,,10,2014-3-15 9:57,2014-3-15 9:57,2014-3-15 9:57,http://wapi.ldsg.lodogame.com:8088/webApi/qhPayment.do,储蓄卡支付,1.10E+20,100元宝
275,1.40315E+18,三国合伙人,8099d95af4d25e7dad6c938b6b232b23,50元宝,1.10032E+20,276110958,,,5,2014-3-15 9:57,2014-3-15 9:58,2014-3-15 9:58,http://wapi.ldsg.lodogame.com:8088/webApi/qhPayment.do,储蓄卡支付,1.10E+20,50元宝
276,1.40315E+18,三国合伙人,8099d95af4d25e7dad6c938b6b232b23,1000元宝,1.10032E+20,395619988,,,100,2014-3-15 9:58,2014-3-15 9:59,2014-3-15 9:59,http://wapi.ldsg.lodogame.com:8088/webApi/qhPayment.do,骏网卡,1.10E+20,1000元宝
277,1.40315E+18,三国合伙人,8099d95af4d25e7dad6c938b6b232b23,50元宝,1.10032E+20,399751326,,,5,2014-3-15 9:58,2014-3-15 9:58,2014-3-15 9:58,http://wapi.ldsg.lodogame.com:8088/webApi/qhPayment.do,信用卡,1.10E+20,50元宝
278,1.40315E+18,三国合伙人,8099d95af4d25e7dad6c938b6b232b23,500元宝,1.10032E+20,441536870,,,50,2014-3-15 9:58,2014-3-15 10:36,2014-3-15 10:36,http://wapi.ldsg.lodogame.com:8088/webApi/qhPayment.do,联通充值卡,1.10E+20,500元宝
279,1.40315E+18,三国合伙人,8099d95af4d25e7dad6c938b6b232b23,1000元宝,1.10032E+20,330333828,,,100,2014-3-15 10:01,2014-3-15 10:02,2014-3-15 10:02,http://wapi.ldsg.lodogame.com:8088/webApi/qhPayment.do,手机支付宝,1.10E+20,1000元宝
280,1.40315E+18,三国合伙人,8099d95af4d25e7dad6c938b6b232b23,50元宝,1.10032E+20,34133480,,,5,2014-3-15 10:01,2014-3-15 10:01,2014-3-15 10:01,http://wapi.ldsg.lodogame.com:8088/webApi/qhPayment.do,手机支付宝,1.10E+20,50元宝
281,1.40315E+18,三国合伙人,8099d95af4d25e7dad6c938b6b232b23,500元宝,1.10032E+20,147192793,,,50,2014-3-15 10:02,2014-3-15 10:02,2014-3-15 10:02,http://wapi.ldsg.lodogame.com:8088/webApi/qhPayment.do,信用卡,1.10E+20,500元宝
282,1.40315E+18,三国合伙人,8099d95af4d25e7dad6c938b6b232b23,50元宝,1.10032E+20,49947857,,,5,2014-3-15 10:02,2014-3-15 10:02,2014-3-15 10:02,http://wapi.ldsg.lodogame.com:8088/webApi/qhPayment.do,手机支付宝,1.10E+20,50元宝
283,1.40315E+18,三国合伙人,8099d95af4d25e7dad6c938b6b232b23,50元宝,1.10032E+20,393197014,,,5,2014-3-15 10:02,2014-3-15 10:06,2014-3-15 10:06,http://wapi.ldsg.lodogame.com:8088/webApi/qhPayment.do,360币,1.10E+20,50元宝
284,1.40315E+18,三国合伙人,8099d95af4d25e7dad6c938b6b232b23,50元宝,1.10032E+20,41046160,,,5,2014-3-15 10:03,2014-3-15 10:05,2014-3-15 10:05,http://wapi.ldsg.lodogame.com:8088/webApi/qhPayment.do,银联支付,1.10E+20,50元宝
285,1.40315E+18,三国合伙人,8099d95af4d25e7dad6c938b6b232b23,1000元宝,1.10032E+20,79142888,,,100,2014-3-15 10:03,2014-3-15 10:06,2014-3-15 10:06,http://wapi.ldsg.lodogame.com:8088/webApi/qhPayment.do,银联支付,1.10E+20,1000元宝
286,1.40315E+18,三国合伙人,8099d95af4d25e7dad6c938b6b232b23,10000元宝,1.10032E+20,27828750,,,1000,2014-3-15 10:04,2014-3-15 10:04,2014-3-15 10:04,http://wapi.ldsg.lodogame.com:8088/webApi/qhPayment.do,360币,1.10E+20,10000元宝
287,1.40315E+18,三国合伙人,8099d95af4d25e7dad6c938b6b232b23,5000元宝,1.10032E+20,742230520,,,500,2014-3-15 10:05,2014-3-15 10:05,2014-3-15 10:05,http://wapi.ldsg.lodogame.com:8088/webApi/qhPayment.do,信用卡,1.10E+20,5000元宝
288,1.40315E+18,三国合伙人,8099d95af4d25e7dad6c938b6b232b23,50元宝,1.10032E+20,276409202,,,5,2014-3-15 10:06,2014-3-15 10:06,2014-3-15 10:06,http://wapi.ldsg.lodogame.com:8088/webApi/qhPayment.do,手机支付宝,1.10E+20,50元宝
289,1.40315E+18,三国合伙人,8099d95af4d25e7dad6c938b6b232b23,50元宝,1.10032E+20,749189454,,,5,2014-3-15 10:06,2014-3-15 10:09,2014-3-15 10:09,http://wapi.ldsg.lodogame.com:8088/webApi/qhPayment.do,手机支付宝,1.10E+20,50元宝
290,1.40315E+18,三国合伙人,8099d95af4d25e7dad6c938b6b232b23,50元宝,1.10032E+20,783215131,,,5,2014-3-15 10:07,2014-3-15 10:08,2014-3-15 10:08,http://wapi.ldsg.lodogame.com:8088/webApi/qhPayment.do,手机支付宝,1.10E+20,50元宝
291,1.40315E+18,三国合伙人,8099d95af4d25e7dad6c938b6b232b23,1000元宝,1.10032E+20,276409202,,,100,2014-3-15 10:07,2014-3-15 10:07,2014-3-15 10:07,http://wapi.ldsg.lodogame.com:8088/webApi/qhPayment.do,手机支付宝,1.10E+20,1000元宝
292,1.40315E+18,三国合伙人,8099d95af4d25e7dad6c938b6b232b23,10000元宝,1.10032E+20,27828750,,,1000,2014-3-15 10:07,2014-3-15 10:08,2014-3-15 10:08,http://wapi.ldsg.lodogame.com:8088/webApi/qhPayment.do,360币,1.10E+20,10000元宝
293,1.40315E+18,三国合伙人,8099d95af4d25e7dad6c938b6b232b23,500元宝,1.10032E+20,276409202,,,50,2014-3-15 10:08,2014-3-15 10:08,2014-3-15 10:08,http://wapi.ldsg.lodogame.com:8088/webApi/qhPayment.do,手机支付宝,1.10E+20,500元宝
294,1.40315E+18,三国合伙人,8099d95af4d25e7dad6c938b6b232b23,500元宝,1.10032E+20,390479325,,,50,2014-3-15 10:08,2014-3-15 10:09,2014-3-15 10:09,http://wapi.ldsg.lodogame.com:8088/webApi/qhPayment.do,手机支付宝,1.10E+20,500元宝
295,1.40315E+18,三国合伙人,8099d95af4d25e7dad6c938b6b232b23,200元宝,1.10032E+20,276409202,,,20,2014-3-15 10:09,2014-3-15 10:09,2014-3-15 10:09,http://wapi.ldsg.lodogame.com:8088/webApi/qhPayment.do,手机支付宝,1.10E+20,200元宝
296,1.40315E+18,三国合伙人,8099d95af4d25e7dad6c938b6b232b23,1000元宝,1.10032E+20,147192793,,,100,2014-3-15 10:09,2014-3-15 10:09,2014-3-15 10:09,http://wapi.ldsg.lodogame.com:8088/webApi/qhPayment.do,信用卡,1.10E+20,1000元宝
297,1.40315E+18,三国合伙人,8099d95af4d25e7dad6c938b6b232b23,100元宝,1.10032E+20,194462169,,,10,2014-3-15 10:10,2014-3-15 10:10,2014-3-15 10:10,http://wapi.ldsg.lodogame.com:8088/webApi/qhPayment.do,手机支付宝,1.10E+20,100元宝
298,1.40315E+18,三国合伙人,8099d95af4d25e7dad6c938b6b232b23,50元宝,1.10032E+20,758831843,,,5,2014-3-15 10:10,2014-3-15 10:10,2014-3-15 10:10,http://wapi.ldsg.lodogame.com:8088/webApi/qhPayment.do,信用卡,1.10E+20,50元宝
299,1.40315E+18,三国合伙人,8099d95af4d25e7dad6c938b6b232b23,2000元宝,1.10032E+20,739106482,,,200,2014-3-15 10:10,2014-3-15 10:11,2014-3-15 10:11,http://wapi.ldsg.lodogame.com:8088/webApi/qhPayment.do,手机支付宝,1.10E+20,2000元宝
300,1.40315E+18,三国合伙人,8099d95af4d25e7dad6c938b6b232b23,10000元宝,1.10032E+20,27828750,,,1000,2014-3-15 10:10,2014-3-15 10:11,2014-3-15 10:11,http://wapi.ldsg.lodogame.com:8088/webApi/qhPayment.do,360币,1.10E+20,10000元宝
301,1.40315E+18,三国合伙人,8099d95af4d25e7dad6c938b6b232b23,50元宝,1.10032E+20,337109959,,,5,2014-3-15 10:11,2014-3-15 10:12,2014-3-15 10:12,http://wapi.ldsg.lodogame.com:8088/webApi/qhPayment.do,手机支付宝,1.10E+20,50元宝
302,1.40315E+18,三国合伙人,8099d95af4d25e7dad6c938b6b232b23,1000元宝,1.10032E+20,79142888,,,100,2014-3-15 10:12,2014-3-15 10:14,2014-3-15 10:14,http://wapi.ldsg.lodogame.com:8088/webApi/qhPayment.do,银联支付,1.10E+20,1000元宝
303,1.40315E+18,三国合伙人,8099d95af4d25e7dad6c938b6b232b23,50元宝,1.10032E+20,289747774,,,5,2014-3-15 10:12,2014-3-15 10:12,2014-3-15 10:12,http://wapi.ldsg.lodogame.com:8088/webApi/qhPayment.do,手机支付宝,1.10E+20,50元宝
304,1.40315E+18,三国合伙人,8099d95af4d25e7dad6c938b6b232b23,50元宝,1.10032E+20,741825319,,,5,2014-3-15 10:13,2014-3-15 10:13,2014-3-15 10:13,http://wapi.ldsg.lodogame.com:8088/webApi/qhPayment.do,储蓄卡支付,1.10E+20,50元宝
305,1.40315E+18,三国合伙人,8099d95af4d25e7dad6c938b6b232b23,50元宝,1.10032E+20,289747774,,,5,2014-3-15 10:14,2014-3-15 10:14,2014-3-15 10:14,http://wapi.ldsg.lodogame.com:8088/webApi/qhPayment.do,手机支付宝,1.10E+20,50元宝
306,1.40315E+18,三国合伙人,8099d95af4d25e7dad6c938b6b232b23,50元宝,1.10032E+20,769822331,,,5,2014-3-15 10:15,2014-3-15 10:15,2014-3-15 10:15,http://wapi.ldsg.lodogame.com:8088/webApi/qhPayment.do,手机支付宝,1.10E+20,50元宝
307,1.40315E+18,三国合伙人,8099d95af4d25e7dad6c938b6b232b23,100元宝,1.10032E+20,106192965,,,10,2014-3-15 10:15,2014-3-15 10:16,2014-3-15 10:16,http://wapi.ldsg.lodogame.com:8088/webApi/qhPayment.do,手机支付宝,1.10E+20,100元宝
308,1.40315E+18,三国合伙人,8099d95af4d25e7dad6c938b6b232b23,100元宝,1.10032E+20,289747774,,,10,2014-3-15 10:17,2014-3-15 10:17,2014-3-15 10:17,http://wapi.ldsg.lodogame.com:8088/webApi/qhPayment.do,手机支付宝,1.10E+20,100元宝
309,1.40315E+18,三国合伙人,8099d95af4d25e7dad6c938b6b232b23,200元宝,1.10032E+20,627095417,,,20,2014-3-15 10:17,2014-3-15 10:17,2014-3-15 10:17,http://wapi.ldsg.lodogame.com:8088/webApi/qhPayment.do,储蓄卡支付,1.10E+20,200元宝
310,1.40315E+18,三国合伙人,8099d95af4d25e7dad6c938b6b232b23,50元宝,1.10032E+20,408246535,,,5,2014-3-15 10:19,2014-3-15 10:19,2014-3-15 10:19,http://wapi.ldsg.lodogame.com:8088/webApi/qhPayment.do,手机支付宝,1.10E+20,50元宝
311,1.40315E+18,三国合伙人,8099d95af4d25e7dad6c938b6b232b23,50元宝,1.10032E+20,284052432,,,5,2014-3-15 10:21,2014-3-15 10:21,2014-3-15 10:21,http://wapi.ldsg.lodogame.com:8088/webApi/qhPayment.do,手机支付宝,1.10E+20,50元宝
312,1.40315E+18,三国合伙人,8099d95af4d25e7dad6c938b6b232b23,50元宝,1.10032E+20,102445560,,,5,2014-3-15 10:22,2014-3-15 10:23,2014-3-15 10:23,http://wapi.ldsg.lodogame.com:8088/webApi/qhPayment.do,储蓄卡支付,1.10E+20,50元宝
313,1.40315E+18,三国合伙人,8099d95af4d25e7dad6c938b6b232b23,1000元宝,1.10032E+20,768012648,,,100,2014-3-15 10:23,2014-3-15 10:24,2014-3-15 10:24,http://wapi.ldsg.lodogame.com:8088/webApi/qhPayment.do,手机支付宝,1.10E+20,1000元宝
314,1.40315E+18,三国合伙人,8099d95af4d25e7dad6c938b6b232b23,100元宝,1.10032E+20,630583142,,,10,2014-3-15 10:24,2014-3-15 10:25,2014-3-15 10:25,http://wapi.ldsg.lodogame.com:8088/webApi/qhPayment.do,手机支付宝,1.10E+20,100元宝
315,1.40315E+18,三国合伙人,8099d95af4d25e7dad6c938b6b232b23,50元宝,1.10032E+20,263169740,,,5,2014-3-15 10:27,2014-3-15 10:29,2014-3-15 10:29,http://wapi.ldsg.lodogame.com:8088/webApi/qhPayment.do,储蓄卡支付,1.10E+20,50元宝
316,1.40315E+18,三国合伙人,8099d95af4d25e7dad6c938b6b232b23,5000元宝,1.10032E+20,125895442,,,500,2014-3-15 10:28,2014-3-15 10:28,2014-3-15 10:28,http://wapi.ldsg.lodogame.com:8088/webApi/qhPayment.do,信用卡,1.10E+20,5000元宝
317,1.40315E+18,三国合伙人,8099d95af4d25e7dad6c938b6b232b23,500元宝,1.10032E+20,95039157,,,50,2014-3-15 10:31,2014-3-15 10:32,2014-3-15 10:32,http://wapi.ldsg.lodogame.com:8088/webApi/qhPayment.do,手机支付宝,1.10E+20,500元宝
318,1.40315E+18,三国合伙人,8099d95af4d25e7dad6c938b6b232b23,50元宝,1.10032E+20,292467021,,,5,2014-3-15 10:32,2014-3-15 10:33,2014-3-15 10:33,http://wapi.ldsg.lodogame.com:8088/webApi/qhPayment.do,360币,1.10E+20,50元宝
319,1.40315E+18,三国合伙人,8099d95af4d25e7dad6c938b6b232b23,1000元宝,1.10032E+20,633784092,,,100,2014-3-15 10:34,2014-3-15 10:34,2014-3-15 10:34,http://wapi.ldsg.lodogame.com:8088/webApi/qhPayment.do,信用卡,1.10E+20,1000元宝
320,1.40315E+18,三国合伙人,8099d95af4d25e7dad6c938b6b232b23,200元宝,1.10032E+20,732151419,,,20,2014-3-15 10:34,2014-3-15 10:34,2014-3-15 10:34,http://wapi.ldsg.lodogame.com:8088/webApi/qhPayment.do,储蓄卡支付,1.10E+20,200元宝
321,1.40315E+18,三国合伙人,8099d95af4d25e7dad6c938b6b232b23,200元宝,1.10032E+20,639569874,,,20,2014-3-15 10:35,2014-3-15 10:35,2014-3-15 10:35,http://wapi.ldsg.lodogame.com:8088/webApi/qhPayment.do,信用卡,1.10E+20,200元宝
322,1.40315E+18,三国合伙人,8099d95af4d25e7dad6c938b6b232b23,50元宝,1.10032E+20,316583160,,,5,2014-3-15 10:36,2014-3-15 10:36,2014-3-15 10:36,http://wapi.ldsg.lodogame.com:8088/webApi/qhPayment.do,360币,1.10E+20,50元宝
323,1.40315E+18,三国合伙人,8099d95af4d25e7dad6c938b6b232b23,50元宝,1.10032E+20,456879619,,,5,2014-3-15 10:37,2014-3-15 10:37,2014-3-15 10:37,http://wapi.ldsg.lodogame.com:8088/webApi/qhPayment.do,信用卡,1.10E+20,50元宝
324,1.40315E+18,三国合伙人,8099d95af4d25e7dad6c938b6b232b23,300元宝,1.10032E+20,634506526,,,30,2014-3-15 10:38,2014-3-15 10:38,2014-3-15 10:38,http://wapi.ldsg.lodogame.com:8088/webApi/qhPayment.do,手机支付宝,1.10E+20,300元宝
325,1.40315E+18,三国合伙人,8099d95af4d25e7dad6c938b6b232b23,300元宝,1.10032E+20,279279845,,,30,2014-3-15 10:38,2014-3-15 10:39,2014-3-15 10:39,http://wapi.ldsg.lodogame.com:8088/webApi/qhPayment.do,手机支付宝,1.10E+20,300元宝
326,1.40315E+18,三国合伙人,8099d95af4d25e7dad6c938b6b232b23,2000元宝,1.10032E+20,696407180,,,200,2014-3-15 10:39,2014-3-15 10:41,2014-3-15 10:41,http://wapi.ldsg.lodogame.com:8088/webApi/qhPayment.do,储蓄卡支付,1.10E+20,2000元宝
327,1.40315E+18,三国合伙人,8099d95af4d25e7dad6c938b6b232b23,200元宝,1.10032E+20,279279845,,,20,2014-3-15 10:40,2014-3-15 10:40,2014-3-15 10:40,http://wapi.ldsg.lodogame.com:8088/webApi/qhPayment.do,手机支付宝,1.10E+20,200元宝
328,1.40315E+18,三国合伙人,8099d95af4d25e7dad6c938b6b232b23,100元宝,1.10032E+20,753025922,,,10,2014-3-15 10:40,2014-3-15 10:40,2014-3-15 10:40,http://wapi.ldsg.lodogame.com:8088/webApi/qhPayment.do,360币,1.10E+20,100元宝
329,1.40315E+18,三国合伙人,8099d95af4d25e7dad6c938b6b232b23,50元宝,1.10032E+20,745050950,,,5,2014-3-15 10:40,2014-3-15 10:41,2014-3-15 10:41,http://wapi.ldsg.lodogame.com:8088/webApi/qhPayment.do,360币,1.10E+20,50元宝
330,1.40315E+18,三国合伙人,8099d95af4d25e7dad6c938b6b232b23,50元宝,1.10032E+20,246212140,,,5,2014-3-15 10:42,2014-3-15 10:42,2014-3-15 10:42,http://wapi.ldsg.lodogame.com:8088/webApi/qhPayment.do,银联支付,1.10E+20,50元宝
331,1.40315E+18,三国合伙人,8099d95af4d25e7dad6c938b6b232b23,50元宝,1.10032E+20,600228640,,,5,2014-3-15 10:42,2014-3-15 10:43,2014-3-15 10:43,http://wapi.ldsg.lodogame.com:8088/webApi/qhPayment.do,手机支付宝,1.10E+20,50元宝
332,1.40315E+18,三国合伙人,8099d95af4d25e7dad6c938b6b232b23,50元宝,1.10032E+20,197024583,,,5,2014-3-15 10:43,2014-3-15 10:43,2014-3-15 10:43,http://wapi.ldsg.lodogame.com:8088/webApi/qhPayment.do,信用卡,1.10E+20,50元宝
333,1.40315E+18,三国合伙人,8099d95af4d25e7dad6c938b6b232b23,1000元宝,1.10032E+20,5740684,,,100,2014-3-15 10:45,2014-3-15 10:45,2014-3-15 10:45,http://wapi.ldsg.lodogame.com:8088/webApi/qhPayment.do,储蓄卡支付,1.10E+20,1000元宝
334,1.40315E+18,三国合伙人,8099d95af4d25e7dad6c938b6b232b23,5000元宝,1.10032E+20,319599731,,,500,2014-3-15 10:45,2014-3-15 10:46,2014-3-15 10:46,http://wapi.ldsg.lodogame.com:8088/webApi/qhPayment.do,手机支付宝,1.10E+20,5000元宝
335,1.40315E+18,三国合伙人,8099d95af4d25e7dad6c938b6b232b23,50元宝,1.10032E+20,184692160,,,5,2014-3-15 10:46,2014-3-15 10:47,2014-3-15 10:47,http://wapi.ldsg.lodogame.com:8088/webApi/qhPayment.do,手机支付宝,1.10E+20,50元宝
336,1.40315E+18,三国合伙人,8099d95af4d25e7dad6c938b6b232b23,2000元宝,1.10032E+20,471468795,,,200,2014-3-15 10:49,2014-3-15 10:50,2014-3-15 10:50,http://wapi.ldsg.lodogame.com:8088/webApi/qhPayment.do,储蓄卡支付,1.10E+20,2000元宝
337,1.40315E+18,三国合伙人,8099d95af4d25e7dad6c938b6b232b23,50元宝,1.10032E+20,716146768,,,5,2014-3-15 10:49,2014-3-15 10:50,2014-3-15 10:50,http://wapi.ldsg.lodogame.com:8088/webApi/qhPayment.do,手机支付宝,1.10E+20,50元宝
338,1.40315E+18,三国合伙人,8099d95af4d25e7dad6c938b6b232b23,50元宝,1.10032E+20,283344138,,,5,2014-3-15 10:50,2014-3-15 10:50,2014-3-15 10:50,http://wapi.ldsg.lodogame.com:8088/webApi/qhPayment.do,手机支付宝,1.10E+20,50元宝
339,1.40315E+18,三国合伙人,8099d95af4d25e7dad6c938b6b232b23,50元宝,1.10032E+20,741073417,,,5,2014-3-15 10:51,2014-3-15 10:54,2014-3-15 10:54,http://wapi.ldsg.lodogame.com:8088/webApi/qhPayment.do,银联支付,1.10E+20,50元宝
340,1.40315E+18,三国合伙人,8099d95af4d25e7dad6c938b6b232b23,1000元宝,1.10032E+20,116094583,,,100,2014-3-15 10:52,2014-3-15 10:52,2014-3-15 10:52,http://wapi.ldsg.lodogame.com:8088/webApi/qhPayment.do,联通充值卡,1.10E+20,1000元宝
341,1.40315E+18,三国合伙人,8099d95af4d25e7dad6c938b6b232b23,50元宝,1.10032E+20,616998104,,,5,2014-3-15 10:53,2014-3-15 10:54,2014-3-15 10:54,http://wapi.ldsg.lodogame.com:8088/webApi/qhPayment.do,手机支付宝,1.10E+20,50元宝
342,1.40315E+18,三国合伙人,8099d95af4d25e7dad6c938b6b232b23,1000元宝,1.10032E+20,330333828,,,100,2014-3-15 10:54,2014-3-15 10:55,2014-3-15 10:55,http://wapi.ldsg.lodogame.com:8088/webApi/qhPayment.do,手机支付宝,1.10E+20,1000元宝
343,1.40315E+18,三国合伙人,8099d95af4d25e7dad6c938b6b232b23,500元宝,1.10032E+20,298913815,,,50,2014-3-15 10:56,2014-3-15 10:56,2014-3-15 10:56,http://wapi.ldsg.lodogame.com:8088/webApi/qhPayment.do,储蓄卡支付,1.10E+20,500元宝
344,1.40315E+18,三国合伙人,8099d95af4d25e7dad6c938b6b232b23,50元宝,1.10032E+20,296187697,,,5,2014-3-15 10:57,2014-3-15 10:57,2014-3-15 10:57,http://wapi.ldsg.lodogame.com:8088/webApi/qhPayment.do,手机支付宝,1.10E+20,50元宝
345,1.40315E+18,三国合伙人,8099d95af4d25e7dad6c938b6b232b23,1000元宝,1.10032E+20,116094583,,,100,2014-3-15 10:57,2014-3-15 10:57,2014-3-15 10:57,http://wapi.ldsg.lodogame.com:8088/webApi/qhPayment.do,联通充值卡,1.10E+20,1000元宝
346,1.40315E+18,三国合伙人,8099d95af4d25e7dad6c938b6b232b23,50元宝,1.10032E+20,278393278,,,5,2014-3-15 11:00,2014-3-15 11:01,2014-3-15 11:01,http://wapi.ldsg.lodogame.com:8088/webApi/qhPayment.do,储蓄卡支付,1.10E+20,50元宝
347,1.40315E+18,三国合伙人,8099d95af4d25e7dad6c938b6b232b23,500元宝,1.10032E+20,298913815,,,50,2014-3-15 11:00,2014-3-15 11:01,2014-3-15 11:01,http://wapi.ldsg.lodogame.com:8088/webApi/qhPayment.do,储蓄卡支付,1.10E+20,500元宝
348,1.40315E+18,三国合伙人,8099d95af4d25e7dad6c938b6b232b23,1000元宝,1.10032E+20,280301162,,,100,2014-3-15 11:02,2014-3-15 11:02,2014-3-15 11:02,http://wapi.ldsg.lodogame.com:8088/webApi/qhPayment.do,手机支付宝,1.10E+20,1000元宝
349,1.40315E+18,三国合伙人,8099d95af4d25e7dad6c938b6b232b23,2000元宝,1.10032E+20,45691745,,,200,2014-3-15 11:03,2014-3-15 11:03,2014-3-15 11:03,http://wapi.ldsg.lodogame.com:8088/webApi/qhPayment.do,手机支付宝,1.10E+20,2000元宝
350,1.40315E+18,三国合伙人,8099d95af4d25e7dad6c938b6b232b23,500元宝,1.10032E+20,45691745,,,50,2014-3-15 11:03,2014-3-15 11:03,2014-3-15 11:03,http://wapi.ldsg.lodogame.com:8088/webApi/qhPayment.do,手机支付宝,1.10E+20,500元宝
351,1.40315E+18,三国合伙人,8099d95af4d25e7dad6c938b6b232b23,300元宝,1.10032E+20,45691745,,,30,2014-3-15 11:04,2014-3-15 11:04,2014-3-15 11:04,http://wapi.ldsg.lodogame.com:8088/webApi/qhPayment.do,手机支付宝,1.10E+20,300元宝
352,1.40315E+18,三国合伙人,8099d95af4d25e7dad6c938b6b232b23,200元宝,1.10032E+20,777644203,,,20,2014-3-15 11:04,2014-3-15 11:05,2014-3-15 11:05,http://wapi.ldsg.lodogame.com:8088/webApi/qhPayment.do,储蓄卡支付,1.10E+20,200元宝
353,1.40315E+18,三国合伙人,8099d95af4d25e7dad6c938b6b232b23,50元宝,1.10032E+20,45691745,,,5,2014-3-15 11:05,2014-3-15 11:05,2014-3-15 11:05,http://wapi.ldsg.lodogame.com:8088/webApi/qhPayment.do,手机支付宝,1.10E+20,50元宝
354,1.40315E+18,三国合伙人,8099d95af4d25e7dad6c938b6b232b23,50元宝,1.10032E+20,460217441,,,5,2014-3-15 11:06,2014-3-15 11:06,2014-3-15 11:06,http://wapi.ldsg.lodogame.com:8088/webApi/qhPayment.do,手机支付宝,1.10E+20,50元宝
355,1.40315E+18,三国合伙人,8099d95af4d25e7dad6c938b6b232b23,50元宝,1.10032E+20,612418670,,,5,2014-3-15 11:09,2014-3-15 11:09,2014-3-15 11:09,http://wapi.ldsg.lodogame.com:8088/webApi/qhPayment.do,手机支付宝,1.10E+20,50元宝
356,1.40315E+18,三国合伙人,8099d95af4d25e7dad6c938b6b232b23,2000元宝,1.10032E+20,334164404,,,200,2014-3-15 11:09,2014-3-15 11:09,2014-3-15 11:09,http://wapi.ldsg.lodogame.com:8088/webApi/qhPayment.do,360币,1.10E+20,2000元宝
357,1.40315E+18,三国合伙人,8099d95af4d25e7dad6c938b6b232b23,500元宝,1.10032E+20,503906321,,,50,2014-3-15 11:09,2014-3-15 11:09,2014-3-15 11:09,http://wapi.ldsg.lodogame.com:8088/webApi/qhPayment.do,信用卡,1.10E+20,500元宝
358,1.40315E+18,三国合伙人,8099d95af4d25e7dad6c938b6b232b23,1000元宝,1.10032E+20,268101574,,,100,2014-3-15 11:09,2014-3-15 11:09,2014-3-15 11:09,http://wapi.ldsg.lodogame.com:8088/webApi/qhPayment.do,手机支付宝,1.10E+20,1000元宝
359,1.40315E+18,三国合伙人,8099d95af4d25e7dad6c938b6b232b23,2000元宝,1.10032E+20,612418670,,,200,2014-3-15 11:10,2014-3-15 11:10,2014-3-15 11:10,http://wapi.ldsg.lodogame.com:8088/webApi/qhPayment.do,手机支付宝,1.10E+20,2000元宝
360,1.40315E+18,三国合伙人,8099d95af4d25e7dad6c938b6b232b23,1000元宝,1.10032E+20,393197014,,,100,2014-3-15 11:15,2014-3-15 11:15,2014-3-15 11:15,http://wapi.ldsg.lodogame.com:8088/webApi/qhPayment.do,360币,1.10E+20,1000元宝
361,1.40315E+18,三国合伙人,8099d95af4d25e7dad6c938b6b232b23,1000元宝,1.10032E+20,280301162,,,100,2014-3-15 11:19,2014-3-15 11:19,2014-3-15 11:19,http://wapi.ldsg.lodogame.com:8088/webApi/qhPayment.do,手机支付宝,1.10E+20,1000元宝
362,1.40315E+18,三国合伙人,8099d95af4d25e7dad6c938b6b232b23,500元宝,1.10032E+20,147192793,,,50,2014-3-15 11:19,2014-3-15 11:19,2014-3-15 11:19,http://wapi.ldsg.lodogame.com:8088/webApi/qhPayment.do,信用卡,1.10E+20,500元宝
363,1.40315E+18,三国合伙人,8099d95af4d25e7dad6c938b6b232b23,50元宝,1.10032E+20,263084869,,,5,2014-3-15 11:26,2014-3-15 11:26,2014-3-15 11:26,http://wapi.ldsg.lodogame.com:8088/webApi/qhPayment.do,储蓄卡支付,1.10E+20,50元宝
364,1.40315E+18,三国合伙人,8099d95af4d25e7dad6c938b6b232b23,1000元宝,1.10032E+20,608684123,,,100,2014-3-15 11:26,2014-3-15 11:27,2014-3-15 11:27,http://wapi.ldsg.lodogame.com:8088/webApi/qhPayment.do,信用卡,1.10E+20,1000元宝
365,1.40315E+18,三国合伙人,8099d95af4d25e7dad6c938b6b232b23,2000元宝,1.10032E+20,478816394,,,200,2014-3-15 11:28,2014-3-15 11:29,2014-3-15 11:29,http://wapi.ldsg.lodogame.com:8088/webApi/qhPayment.do,手机支付宝,1.10E+20,2000元宝
366,1.40315E+18,三国合伙人,8099d95af4d25e7dad6c938b6b232b23,50元宝,1.10032E+20,353492104,,,5,2014-3-15 11:29,2014-3-15 11:30,2014-3-15 11:30,http://wapi.ldsg.lodogame.com:8088/webApi/qhPayment.do,手机支付宝,1.10E+20,50元宝
367,1.40315E+18,三国合伙人,8099d95af4d25e7dad6c938b6b232b23,2000元宝,1.10032E+20,696407180,,,200,2014-3-15 11:29,2014-3-15 11:30,2014-3-15 11:30,http://wapi.ldsg.lodogame.com:8088/webApi/qhPayment.do,骏网卡,1.10E+20,2000元宝
368,1.40315E+18,三国合伙人,8099d95af4d25e7dad6c938b6b232b23,50元宝,1.10032E+20,201608480,,,5,2014-3-15 11:30,2014-3-15 11:30,2014-3-15 11:30,http://wapi.ldsg.lodogame.com:8088/webApi/qhPayment.do,手机支付宝,1.10E+20,50元宝
369,1.40315E+18,三国合伙人,8099d95af4d25e7dad6c938b6b232b23,100元宝,1.10032E+20,779616899,,,10,2014-3-15 11:42,2014-3-15 11:43,2014-3-15 11:43,http://wapi.ldsg.lodogame.com:8088/webApi/qhPayment.do,手机支付宝,1.10E+20,100元宝
370,1.40315E+18,三国合伙人,8099d95af4d25e7dad6c938b6b232b23,50元宝,1.10032E+20,260092027,,,5,2014-3-15 11:43,2014-3-15 11:44,2014-3-15 11:44,http://wapi.ldsg.lodogame.com:8088/webApi/qhPayment.do,手机支付宝,1.10E+20,50元宝
371,1.40315E+18,三国合伙人,8099d95af4d25e7dad6c938b6b232b23,50元宝,1.10032E+20,775584232,,,5,2014-3-15 11:45,2014-3-15 11:45,2014-3-15 11:45,http://wapi.ldsg.lodogame.com:8088/webApi/qhPayment.do,储蓄卡支付,1.10E+20,50元宝
372,1.40315E+18,三国合伙人,8099d95af4d25e7dad6c938b6b232b23,50元宝,1.10032E+20,740644893,,,5,2014-3-15 11:48,2014-3-15 11:48,2014-3-15 11:48,http://wapi.ldsg.lodogame.com:8088/webApi/qhPayment.do,手机支付宝,1.10E+20,50元宝
373,1.40315E+18,三国合伙人,8099d95af4d25e7dad6c938b6b232b23,50元宝,1.10032E+20,201389451,,,5,2014-3-15 11:48,2014-3-15 11:48,2014-3-15 11:48,http://wapi.ldsg.lodogame.com:8088/webApi/qhPayment.do,360币,1.10E+20,50元宝
374,1.40315E+18,三国合伙人,8099d95af4d25e7dad6c938b6b232b23,500元宝,1.10032E+20,201389451,,,50,2014-3-15 11:49,2014-3-15 11:50,2014-3-15 11:50,http://wapi.ldsg.lodogame.com:8088/webApi/qhPayment.do,360币,1.10E+20,500元宝
375,1.40315E+18,三国合伙人,8099d95af4d25e7dad6c938b6b232b23,50元宝,1.10032E+20,275005803,,,5,2014-3-15 11:50,2014-3-15 11:50,2014-3-15 11:50,http://wapi.ldsg.lodogame.com:8088/webApi/qhPayment.do,信用卡,1.10E+20,50元宝
376,1.40315E+18,三国合伙人,8099d95af4d25e7dad6c938b6b232b23,300元宝,1.10032E+20,201389451,,,30,2014-3-15 11:50,2014-3-15 11:51,2014-3-15 11:51,http://wapi.ldsg.lodogame.com:8088/webApi/qhPayment.do,360币,1.10E+20,300元宝
377,1.40315E+18,三国合伙人,8099d95af4d25e7dad6c938b6b232b23,50元宝,1.10032E+20,749985506,,,5,2014-3-15 11:51,2014-3-15 11:51,2014-3-15 11:51,http://wapi.ldsg.lodogame.com:8088/webApi/qhPayment.do,手机支付宝,1.10E+20,50元宝
378,1.40315E+18,三国合伙人,8099d95af4d25e7dad6c938b6b232b23,50元宝,1.10032E+20,189430206,,,5,2014-3-15 11:51,2014-3-15 11:52,2014-3-15 11:52,http://wapi.ldsg.lodogame.com:8088/webApi/qhPayment.do,手机支付宝,1.10E+20,50元宝
379,1.40315E+18,三国合伙人,8099d95af4d25e7dad6c938b6b232b23,50元宝,1.10032E+20,255697754,,,5,2014-3-15 11:51,2014-3-15 11:52,2014-3-15 11:52,http://wapi.ldsg.lodogame.com:8088/webApi/qhPayment.do,储蓄卡支付,1.10E+20,50元宝
380,1.40315E+18,三国合伙人,8099d95af4d25e7dad6c938b6b232b23,500元宝,1.10032E+20,289475947,,,50,2014-3-15 11:52,2014-3-15 11:53,2014-3-15 11:53,http://wapi.ldsg.lodogame.com:8088/webApi/qhPayment.do,储蓄卡支付,1.10E+20,500元宝
381,1.40315E+18,三国合伙人,8099d95af4d25e7dad6c938b6b232b23,100元宝,1.10032E+20,289475947,,,10,2014-3-15 11:54,2014-3-15 11:55,2014-3-15 11:55,http://wapi.ldsg.lodogame.com:8088/webApi/qhPayment.do,储蓄卡支付,1.10E+20,100元宝
382,1.40315E+18,三国合伙人,8099d95af4d25e7dad6c938b6b232b23,5000元宝,1.10032E+20,263084869,,,500,2014-3-15 11:54,2014-3-15 11:55,2014-3-15 11:55,http://wapi.ldsg.lodogame.com:8088/webApi/qhPayment.do,储蓄卡支付,1.10E+20,5000元宝
383,1.40315E+18,三国合伙人,8099d95af4d25e7dad6c938b6b232b23,300元宝,1.10032E+20,412398184,,,30,2014-3-15 11:57,2014-3-15 11:58,2014-3-15 11:58,http://wapi.ldsg.lodogame.com:8088/webApi/qhPayment.do,手机支付宝,1.10E+20,300元宝
384,1.40315E+18,三国合伙人,8099d95af4d25e7dad6c938b6b232b23,50元宝,1.10032E+20,651853274,,,5,2014-3-15 12:01,2014-3-15 12:02,2014-3-15 12:02,http://wapi.ldsg.lodogame.com:8088/webApi/qhPayment.do,手机支付宝,1.10E+20,50元宝
385,1.40315E+18,三国合伙人,8099d95af4d25e7dad6c938b6b232b23,50元宝,1.10032E+20,740474866,,,5,2014-3-15 12:03,2014-3-15 12:03,2014-3-15 12:03,http://wapi.ldsg.lodogame.com:8088/webApi/qhPayment.do,信用卡,1.10E+20,50元宝
386,1.40315E+18,三国合伙人,8099d95af4d25e7dad6c938b6b232b23,2000元宝,1.10032E+20,334164404,,,200,2014-3-15 12:04,2014-3-15 12:05,2014-3-15 12:05,http://wapi.ldsg.lodogame.com:8088/webApi/qhPayment.do,360币,1.10E+20,2000元宝
387,1.40315E+18,三国合伙人,8099d95af4d25e7dad6c938b6b232b23,1000元宝,1.10032E+20,334164404,,,100,2014-3-15 12:05,2014-3-15 12:05,2014-3-15 12:05,http://wapi.ldsg.lodogame.com:8088/webApi/qhPayment.do,360币,1.10E+20,1000元宝
388,1.40315E+18,三国合伙人,8099d95af4d25e7dad6c938b6b232b23,2000元宝,1.10032E+20,478816394,,,200,2014-3-15 12:05,2014-3-15 12:05,2014-3-15 12:05,http://wapi.ldsg.lodogame.com:8088/webApi/qhPayment.do,手机支付宝,1.10E+20,2000元宝
389,1.40315E+18,三国合伙人,8099d95af4d25e7dad6c938b6b232b23,1000元宝,1.10032E+20,478816394,,,100,2014-3-15 12:08,2014-3-15 12:08,2014-3-15 12:08,http://wapi.ldsg.lodogame.com:8088/webApi/qhPayment.do,手机支付宝,1.10E+20,1000元宝
390,1.40315E+18,三国合伙人,8099d95af4d25e7dad6c938b6b232b23,50元宝,1.10032E+20,428035442,,,5,2014-3-15 12:09,2014-3-15 12:09,2014-3-15 12:09,http://wapi.ldsg.lodogame.com:8088/webApi/qhPayment.do,储蓄卡支付,1.10E+20,50元宝
391,1.40315E+18,三国合伙人,8099d95af4d25e7dad6c938b6b232b23,50元宝,1.10032E+20,621899538,,,5,2014-3-15 12:09,2014-3-15 12:09,2014-3-15 12:09,http://wapi.ldsg.lodogame.com:8088/webApi/qhPayment.do,手机支付宝,1.10E+20,50元宝
392,1.40315E+18,三国合伙人,8099d95af4d25e7dad6c938b6b232b23,2000元宝,1.10032E+20,280796826,,,200,2014-3-15 12:09,2014-3-15 12:09,2014-3-15 12:09,http://wapi.ldsg.lodogame.com:8088/webApi/qhPayment.do,信用卡,1.10E+20,2000元宝
393,1.40315E+18,三国合伙人,8099d95af4d25e7dad6c938b6b232b23,2000元宝,1.10032E+20,386786507,,,200,2014-3-15 12:11,2014-3-15 12:11,2014-3-15 12:11,http://wapi.ldsg.lodogame.com:8088/webApi/qhPayment.do,信用卡,1.10E+20,2000元宝
394,1.40315E+18,三国合伙人,8099d95af4d25e7dad6c938b6b232b23,50元宝,1.10032E+20,410394635,,,5,2014-3-15 12:12,2014-3-15 12:12,2014-3-15 12:12,http://wapi.ldsg.lodogame.com:8088/webApi/qhPayment.do,360币,1.10E+20,50元宝
395,1.40315E+18,三国合伙人,8099d95af4d25e7dad6c938b6b232b23,2000元宝,1.10032E+20,386786507,,,200,2014-3-15 12:12,2014-3-15 12:12,2014-3-15 12:12,http://wapi.ldsg.lodogame.com:8088/webApi/qhPayment.do,信用卡,1.10E+20,2000元宝
396,1.40315E+18,三国合伙人,8099d95af4d25e7dad6c938b6b232b23,100元宝,1.10032E+20,428035442,,,10,2014-3-15 12:12,2014-3-15 12:12,2014-3-15 12:12,http://wapi.ldsg.lodogame.com:8088/webApi/qhPayment.do,储蓄卡支付,1.10E+20,100元宝
397,1.40315E+18,三国合伙人,8099d95af4d25e7dad6c938b6b232b23,1000元宝,1.10032E+20,386786507,,,100,2014-3-15 12:12,2014-3-15 12:12,2014-3-15 12:12,http://wapi.ldsg.lodogame.com:8088/webApi/qhPayment.do,信用卡,1.10E+20,1000元宝
398,1.40315E+18,三国合伙人,8099d95af4d25e7dad6c938b6b232b23,2000元宝,1.10032E+20,477985248,,,200,2014-3-15 12:15,2014-3-15 12:15,2014-3-15 12:15,http://wapi.ldsg.lodogame.com:8088/webApi/qhPayment.do,手机支付宝,1.10E+20,2000元宝
399,1.40315E+18,三国合伙人,8099d95af4d25e7dad6c938b6b232b23,2000元宝,1.10032E+20,317400287,,,200,2014-3-15 12:16,2014-3-15 12:17,2014-3-15 12:17,http://wapi.ldsg.lodogame.com:8088/webApi/qhPayment.do,360币,1.10E+20,2000元宝
400,1.40315E+18,三国合伙人,8099d95af4d25e7dad6c938b6b232b23,2000元宝,1.10032E+20,317400287,,,200,2014-3-15 12:17,2014-3-15 12:17,2014-3-15 12:17,http://wapi.ldsg.lodogame.com:8088/webApi/qhPayment.do,360币,1.10E+20,2000元宝
401,1.40315E+18,三国合伙人,8099d95af4d25e7dad6c938b6b232b23,1000元宝,1.10032E+20,317400287,,,100,2014-3-15 12:18,2014-3-15 12:18,2014-3-15 12:18,http://wapi.ldsg.lodogame.com:8088/webApi/qhPayment.do,360币,1.10E+20,1000元宝
402,1.40315E+18,三国合伙人,8099d95af4d25e7dad6c938b6b232b23,1000元宝,1.10032E+20,768012648,,,100,2014-3-15 12:18,2014-3-15 12:19,2014-3-15 12:19,http://wapi.ldsg.lodogame.com:8088/webApi/qhPayment.do,手机支付宝,1.10E+20,1000元宝
403,1.40315E+18,三国合伙人,8099d95af4d25e7dad6c938b6b232b23,100元宝,1.10032E+20,367854863,,,10,2014-3-15 12:20,2014-3-15 12:22,2014-3-15 12:22,http://wapi.ldsg.lodogame.com:8088/webApi/qhPayment.do,银联支付,1.10E+20,100元宝
404,1.40315E+18,三国合伙人,8099d95af4d25e7dad6c938b6b232b23,100元宝,1.10032E+20,133157798,,,10,2014-3-15 12:20,2014-3-15 12:23,2014-3-15 12:23,http://wapi.ldsg.lodogame.com:8088/webApi/qhPayment.do,银联支付,1.10E+20,100元宝
405,1.40315E+18,三国合伙人,8099d95af4d25e7dad6c938b6b232b23,1000元宝,1.10032E+20,30731315,,,100,2014-3-15 12:22,2014-3-15 12:25,2014-3-15 12:25,http://wapi.ldsg.lodogame.com:8088/webApi/qhPayment.do,储蓄卡支付,1.10E+20,1000元宝
406,1.40315E+18,三国合伙人,8099d95af4d25e7dad6c938b6b232b23,50元宝,1.10032E+20,597846520,,,5,2014-3-15 12:23,2014-3-15 12:24,2014-3-15 12:24,http://wapi.ldsg.lodogame.com:8088/webApi/qhPayment.do,储蓄卡支付,1.10E+20,50元宝
407,1.40315E+18,三国合伙人,8099d95af4d25e7dad6c938b6b232b23,50元宝,1.10032E+20,19009610,,,5,2014-3-15 12:23,2014-3-15 12:24,2014-3-15 12:24,http://wapi.ldsg.lodogame.com:8088/webApi/qhPayment.do,手机支付宝,1.10E+20,50元宝
408,1.40315E+18,三国合伙人,8099d95af4d25e7dad6c938b6b232b23,5000元宝,1.10032E+20,332376354,,,500,2014-3-15 12:26,2014-3-15 12:27,2014-3-15 12:27,http://wapi.ldsg.lodogame.com:8088/webApi/qhPayment.do,储蓄卡支付,1.10E+20,5000元宝
409,1.40315E+18,三国合伙人,8099d95af4d25e7dad6c938b6b232b23,200元宝,1.10032E+20,133157798,,,20,2014-3-15 12:26,2014-3-15 12:28,2014-3-15 12:28,http://wapi.ldsg.lodogame.com:8088/webApi/qhPayment.do,银联支付,1.10E+20,200元宝
410,1.40315E+18,三国合伙人,8099d95af4d25e7dad6c938b6b232b23,500元宝,1.10032E+20,330333828,,,50,2014-3-15 12:29,2014-3-15 12:29,2014-3-15 12:29,http://wapi.ldsg.lodogame.com:8088/webApi/qhPayment.do,手机支付宝,1.10E+20,500元宝
411,1.40315E+18,三国合伙人,8099d95af4d25e7dad6c938b6b232b23,200元宝,1.10032E+20,133157798,,,20,2014-3-15 12:29,2014-3-15 12:32,2014-3-15 12:32,http://wapi.ldsg.lodogame.com:8088/webApi/qhPayment.do,银联支付,1.10E+20,200元宝
412,1.40315E+18,三国合伙人,8099d95af4d25e7dad6c938b6b232b23,2000元宝,1.10032E+20,478816394,,,200,2014-3-15 12:30,2014-3-15 12:30,2014-3-15 12:30,http://wapi.ldsg.lodogame.com:8088/webApi/qhPayment.do,手机支付宝,1.10E+20,2000元宝
413,1.40315E+18,三国合伙人,8099d95af4d25e7dad6c938b6b232b23,50元宝,1.10032E+20,780959554,,,5,2014-3-15 12:30,2014-3-15 12:30,2014-3-15 12:30,http://wapi.ldsg.lodogame.com:8088/webApi/qhPayment.do,储蓄卡支付,1.10E+20,50元宝
414,1.40315E+18,三国合伙人,8099d95af4d25e7dad6c938b6b232b23,100元宝,1.10032E+20,740947669,,,10,2014-3-15 12:31,2014-3-15 12:31,2014-3-15 12:31,http://wapi.ldsg.lodogame.com:8088/webApi/qhPayment.do,手机支付宝,1.10E+20,100元宝
415,1.40315E+18,三国合伙人,8099d95af4d25e7dad6c938b6b232b23,500元宝,1.10032E+20,330333828,,,50,2014-3-15 12:31,2014-3-15 12:31,2014-3-15 12:31,http://wapi.ldsg.lodogame.com:8088/webApi/qhPayment.do,手机支付宝,1.10E+20,500元宝
416,1.40315E+18,三国合伙人,8099d95af4d25e7dad6c938b6b232b23,50元宝,1.10032E+20,276185447,,,5,2014-3-15 12:33,2014-3-15 12:35,2014-3-15 12:35,http://wapi.ldsg.lodogame.com:8088/webApi/qhPayment.do,储蓄卡支付,1.10E+20,50元宝
417,1.40315E+18,三国合伙人,8099d95af4d25e7dad6c938b6b232b23,100元宝,1.10032E+20,463719494,,,10,2014-3-15 12:35,2014-3-15 12:36,2014-3-15 12:36,http://wapi.ldsg.lodogame.com:8088/webApi/qhPayment.do,手机支付宝,1.10E+20,100元宝
418,1.40315E+18,三国合伙人,8099d95af4d25e7dad6c938b6b232b23,5000元宝,1.10032E+20,463719494,,,500,2014-3-15 12:37,2014-3-15 12:38,2014-3-15 12:38,http://wapi.ldsg.lodogame.com:8088/webApi/qhPayment.do,手机支付宝,1.10E+20,5000元宝
419,1.40315E+18,三国合伙人,8099d95af4d25e7dad6c938b6b232b23,1000元宝,1.10032E+20,267394355,,,100,2014-3-15 12:39,2014-3-15 12:40,2014-3-15 12:40,http://wapi.ldsg.lodogame.com:8088/webApi/qhPayment.do,手机支付宝,1.10E+20,1000元宝
420,1.40315E+18,三国合伙人,8099d95af4d25e7dad6c938b6b232b23,2000元宝,1.10032E+20,659907280,,,200,2014-3-15 12:41,2014-3-15 12:42,2014-3-15 12:42,http://wapi.ldsg.lodogame.com:8088/webApi/qhPayment.do,手机支付宝,1.10E+20,2000元宝
421,1.40315E+18,三国合伙人,8099d95af4d25e7dad6c938b6b232b23,50元宝,1.10032E+20,303734022,,,5,2014-3-15 12:43,2014-3-15 12:43,2014-3-15 12:43,http://wapi.ldsg.lodogame.com:8088/webApi/qhPayment.do,360币,1.10E+20,50元宝
422,1.40315E+18,三国合伙人,8099d95af4d25e7dad6c938b6b232b23,50元宝,1.10032E+20,552246818,,,5,2014-3-15 12:45,2014-3-15 12:45,2014-3-15 12:45,http://wapi.ldsg.lodogame.com:8088/webApi/qhPayment.do,360币,1.10E+20,50元宝
423,1.40315E+18,三国合伙人,8099d95af4d25e7dad6c938b6b232b23,50元宝,1.10032E+20,328297426,,,5,2014-3-15 12:46,2014-3-15 12:46,2014-3-15 12:46,http://wapi.ldsg.lodogame.com:8088/webApi/qhPayment.do,储蓄卡支付,1.10E+20,50元宝
424,1.40315E+18,三国合伙人,8099d95af4d25e7dad6c938b6b232b23,2000元宝,1.10032E+20,633784092,,,200,2014-3-15 12:47,2014-3-15 12:47,2014-3-15 12:47,http://wapi.ldsg.lodogame.com:8088/webApi/qhPayment.do,信用卡,1.10E+20,2000元宝
425,1.40315E+18,三国合伙人,8099d95af4d25e7dad6c938b6b232b23,500元宝,1.10032E+20,318504261,,,50,2014-3-15 12:48,2014-3-15 12:48,2014-3-15 12:48,http://wapi.ldsg.lodogame.com:8088/webApi/qhPayment.do,手机支付宝,1.10E+20,500元宝
426,1.40315E+18,三国合伙人,8099d95af4d25e7dad6c938b6b232b23,1000元宝,1.10032E+20,382966100,,,100,2014-3-15 12:48,2014-3-15 12:49,2014-3-15 12:49,http://wapi.ldsg.lodogame.com:8088/webApi/qhPayment.do,神州行充值卡,1.10E+20,1000元宝
427,1.40315E+18,三国合伙人,8099d95af4d25e7dad6c938b6b232b23,100元宝,1.10032E+20,250945838,,,10,2014-3-15 12:48,2014-3-15 12:49,2014-3-15 12:49,http://wapi.ldsg.lodogame.com:8088/webApi/qhPayment.do,信用卡,1.10E+20,100元宝
428,1.40315E+18,三国合伙人,8099d95af4d25e7dad6c938b6b232b23,500元宝,1.10032E+20,318504261,,,50,2014-3-15 12:52,2014-3-15 12:52,2014-3-15 12:52,http://wapi.ldsg.lodogame.com:8088/webApi/qhPayment.do,手机支付宝,1.10E+20,500元宝
429,1.40315E+18,三国合伙人,8099d95af4d25e7dad6c938b6b232b23,500元宝,1.10032E+20,323114875,,,50,2014-3-15 12:59,2014-3-15 12:59,2014-3-15 13:00,http://wapi.ldsg.lodogame.com:8088/webApi/qhPayment.do,手机支付宝,1.10E+20,500元宝
430,1.40315E+18,三国合伙人,8099d95af4d25e7dad6c938b6b232b23,1000元宝,1.10032E+20,430827960,,,100,2014-3-15 13:00,2014-3-15 13:01,2014-3-15 13:01,http://wapi.ldsg.lodogame.com:8088/webApi/qhPayment.do,手机支付宝,1.10E+20,1000元宝
431,1.40315E+18,三国合伙人,8099d95af4d25e7dad6c938b6b232b23,50元宝,1.10032E+20,273401931,,,5,2014-3-15 13:00,2014-3-15 13:01,2014-3-15 13:01,http://wapi.ldsg.lodogame.com:8088/webApi/qhPayment.do,储蓄卡支付,1.10E+20,50元宝
432,1.40315E+18,三国合伙人,8099d95af4d25e7dad6c938b6b232b23,2000元宝,1.10032E+20,478816394,,,200,2014-3-15 13:01,2014-3-15 13:01,2014-3-15 13:01,http://wapi.ldsg.lodogame.com:8088/webApi/qhPayment.do,手机支付宝,1.10E+20,2000元宝
433,1.40315E+18,三国合伙人,8099d95af4d25e7dad6c938b6b232b23,500元宝,1.10032E+20,609367057,,,50,2014-3-15 13:02,2014-3-15 13:05,2014-3-15 13:05,http://wapi.ldsg.lodogame.com:8088/webApi/qhPayment.do,手机支付宝,1.10E+20,500元宝
434,1.40315E+18,三国合伙人,8099d95af4d25e7dad6c938b6b232b23,500元宝,1.10032E+20,317400287,,,50,2014-3-15 13:02,2014-3-15 13:03,2014-3-15 13:03,http://wapi.ldsg.lodogame.com:8088/webApi/qhPayment.do,联通充值卡,1.10E+20,500元宝
435,1.40315E+18,三国合伙人,8099d95af4d25e7dad6c938b6b232b23,1000元宝,1.10032E+20,478816394,,,100,2014-3-15 13:03,2014-3-15 13:03,2014-3-15 13:03,http://wapi.ldsg.lodogame.com:8088/webApi/qhPayment.do,手机支付宝,1.10E+20,1000元宝
436,1.40315E+18,三国合伙人,8099d95af4d25e7dad6c938b6b232b23,5000元宝,1.10032E+20,575720890,,,500,2014-3-15 13:03,2014-3-15 13:04,2014-3-15 13:04,http://wapi.ldsg.lodogame.com:8088/webApi/qhPayment.do,银联支付,1.10E+20,5000元宝
437,1.40315E+18,三国合伙人,8099d95af4d25e7dad6c938b6b232b23,50元宝,1.10032E+20,641273378,,,5,2014-3-15 13:03,2014-3-15 13:03,2014-3-15 13:03,http://wapi.ldsg.lodogame.com:8088/webApi/qhPayment.do,360币,1.10E+20,50元宝
438,1.40315E+18,三国合伙人,8099d95af4d25e7dad6c938b6b232b23,1000元宝,1.10032E+20,37641596,,,100,2014-3-15 13:03,2014-3-15 13:04,2014-3-15 13:04,http://wapi.ldsg.lodogame.com:8088/webApi/qhPayment.do,手机支付宝,1.10E+20,1000元宝
439,1.40315E+18,三国合伙人,8099d95af4d25e7dad6c938b6b232b23,10000元宝,1.10032E+20,448800242,,,1000,2014-3-15 13:06,2014-3-15 13:06,2014-3-15 13:06,http://wapi.ldsg.lodogame.com:8088/webApi/qhPayment.do,360币,1.10E+20,10000元宝
440,1.40315E+18,三国合伙人,8099d95af4d25e7dad6c938b6b232b23,50元宝,1.10032E+20,561323750,,,5,2014-3-15 13:08,2014-3-15 13:08,2014-3-15 13:08,http://wapi.ldsg.lodogame.com:8088/webApi/qhPayment.do,手机支付宝,1.10E+20,50元宝
441,1.40315E+18,三国合伙人,8099d95af4d25e7dad6c938b6b232b23,10000元宝,1.10032E+20,245900761,,,1000,2014-3-15 13:09,2014-3-15 13:09,2014-3-15 13:09,http://wapi.ldsg.lodogame.com:8088/webApi/qhPayment.do,手机支付宝,1.10E+20,10000元宝
442,1.40315E+18,三国合伙人,8099d95af4d25e7dad6c938b6b232b23,1000元宝,1.10032E+20,325389949,,,100,2014-3-15 13:09,2014-3-15 13:10,2014-3-15 13:10,http://wapi.ldsg.lodogame.com:8088/webApi/qhPayment.do,神州行充值卡,1.10E+20,1000元宝
443,1.40315E+18,三国合伙人,8099d95af4d25e7dad6c938b6b232b23,2000元宝,1.10032E+20,539750967,,,200,2014-3-15 13:10,2014-3-15 13:10,2014-3-15 13:10,http://wapi.ldsg.lodogame.com:8088/webApi/qhPayment.do,手机支付宝,1.10E+20,2000元宝
444,1.40315E+18,三国合伙人,8099d95af4d25e7dad6c938b6b232b23,50元宝,1.10032E+20,745735684,,,5,2014-3-15 13:13,2014-3-15 13:13,2014-3-15 13:13,http://wapi.ldsg.lodogame.com:8088/webApi/qhPayment.do,信用卡,1.10E+20,50元宝
"TOTAL 444 orders, 21047.95 Yuan"
